ResourceID;TimeStamp;PNo;ErrorID;ID
0;2023-10-09 16:57:35;0;0;1
0;2023-10-09 16:58:19;0;0;2
0;2023-10-09 16:58:49;0;0;3
0;2023-10-09 16:59:26;0;0;4
0;2023-10-10 13:29:38;0;0;6
0;2023-10-10 13:39:43;0;0;12
0;2023-10-10 13:40:34;0;0;13
0;2023-10-10 13:42:23;0;0;14
0;2023-10-10 13:42:23;0;0;15
0;2023-10-10 13:45:46;0;0;16
0;2023-10-10 17:59:10;0;0;17
0;2023-10-10 18:26:48;0;0;18
0;2023-10-10 18:27:14;0;0;19
0;2023-10-10 18:28:29;0;0;20
0;2023-10-10 18:28:49;0;0;21
0;2023-10-10 18:29:15;0;0;22
0;2023-10-10 18:29:34;0;0;23
0;2023-10-10 18:29:50;0;0;24
0;2023-10-10 18:31:47;0;0;25
0;2023-10-10 18:32:25;0;0;26
0;2023-10-12 09:04:11;0;0;28
0;2023-10-12 11:04:34;0;0;29
0;2023-10-16 16:19:39;0;0;38
0;2023-10-16 16:19:39;0;0;39
0;2023-10-16 16:19:39;0;0;40
0;2023-10-16 16:46:10;0;0;49
0;2023-10-16 16:46:10;0;0;50
0;2023-10-16 16:46:10;0;0;51
0;2023-10-16 17:06:59;0;0;64
0;2023-10-16 17:07:07;0;0;65
0;2023-10-16 17:07:14;0;0;66
0;2023-10-16 17:24:31;0;0;74
0;2023-10-16 17:37:35;0;0;80
0;2023-10-16 17:37:35;0;0;81
0;2023-10-16 17:37:35;0;0;82
0;2023-10-16 17:37:35;0;0;83
0;2023-10-16 17:51:09;0;0;97
0;2023-10-16 17:51:09;0;0;98
0;2023-10-16 17:51:09;0;0;99
0;2023-10-16 17:51:09;0;0;100
0;2023-10-16 18:24:43;0;0;141
0;2023-10-18 08:43:03;0;0;201
0;2023-10-18 08:56:30;0;0;203
0;2023-10-18 08:56:30;0;0;204
0;2023-10-18 08:56:30;0;0;205
0;2023-10-18 08:56:30;0;0;206
0;2023-10-18 08:56:30;0;0;207
0;2023-10-18 08:56:30;0;0;208
0;2023-10-18 10:25:06;0;0;214
0;2023-10-18 10:25:06;0;0;215
0;2023-10-18 10:25:06;0;0;216
0;2023-10-18 10:29:45;0;0;224
0;2023-10-18 10:29:45;0;0;225
0;2023-10-18 15:52:25;0;0;300
0;2023-10-18 15:52:25;0;0;301
0;2023-10-18 15:52:25;0;0;302
0;2023-10-18 15:52:25;0;0;303
0;2023-10-18 15:56:29;0;0;312
0;2023-10-18 15:56:29;0;0;313
0;2023-10-18 16:33:52;0;0;352
0;2023-10-18 16:33:53;0;0;353
0;2023-10-18 16:34:00;0;0;354
0;2023-10-18 17:31:02;0;0;371
0;2023-10-18 17:31:03;0;0;372
0;2023-10-18 17:33:39;0;0;374
0;2023-10-18 17:33:39;0;0;375
0;2023-10-18 17:33:39;0;0;376
0;2023-10-18 17:33:39;0;0;377
0;2023-10-18 17:33:39;0;0;378
0;2023-10-18 17:33:39;0;0;379
0;2023-10-18 17:33:39;0;0;380
0;2023-10-18 17:33:39;0;0;381
0;2024-11-11 12:46:55;0;0;765
0;2024-11-11 12:46:55;0;0;766
0;2024-11-11 15:54:42;0;0;782
0;2024-11-11 15:54:55;0;0;783
0;2024-11-11 15:55:03;0;0;784
0;2024-11-11 16:13:30;0;0;785
0;2024-11-11 16:26:40;0;0;802
0;2024-11-11 16:28:40;0;0;803
0;2024-11-11 16:28:40;0;0;804
0;2024-11-11 16:28:40;0;0;805
0;2024-11-11 16:48:09;0;0;807
0;2024-11-12 08:54:36;0;0;855
0;2024-11-13 09:10:29;0;0;856
0;2024-11-13 09:10:29;0;0;857
0;2024-11-13 09:10:29;0;0;858
0;2024-11-13 09:14:29;0;0;859
0;2024-11-13 09:35:46;0;0;887
0;2024-11-13 10:29:41;0;0;923
0;2024-11-13 10:35:21;0;0;934
0;2024-11-13 11:04:58;0;0;957
1;2023-10-16 16:18:16;0;0;35
1;2023-10-16 16:18:35;0;0;36
1;2023-10-16 16:18:53;0;0;37
1;2023-10-16 16:39:26;0;0;43
1;2023-10-16 16:40:34;0;0;45
1;2023-10-16 16:41:46;0;0;47
1;2023-10-16 16:45:54;0;0;48
1;2023-10-16 16:46:14;0;0;52
1;2023-10-16 16:46:35;0;0;53
1;2023-10-16 17:00:18;0;99;57
1;2023-10-16 17:00:44;0;0;58
1;2023-10-16 17:01:47;0;0;60
1;2023-10-16 17:02:59;0;0;61
1;2023-10-16 17:03:21;0;0;62
1;2023-10-16 17:03:43;0;0;63
1;2023-10-16 17:10:11;0;0;70
1;2023-10-16 17:10:48;0;0;72
1;2023-10-16 17:11:14;0;0;73
1;2023-10-16 17:25:32;0;0;75
1;2023-10-16 17:25:54;0;0;77
1;2023-10-16 17:26:17;0;0;78
1;2023-10-16 17:26:40;0;0;79
1;2023-10-16 17:40:08;0;0;87
1;2023-10-16 17:40:45;0;0;89
1;2023-10-16 17:41:13;0;0;90
1;2023-10-16 17:42:10;0;0;92
1;2023-10-16 17:43:45;0;0;93
1;2023-10-16 17:44:17;0;0;94
1;2023-10-16 17:44:37;0;0;95
1;2023-10-16 17:44:56;0;0;96
1;2023-10-16 17:55:26;0;0;104
1;2023-10-16 17:56:14;0;0;107
1;2023-10-16 17:56:36;0;0;108
1;2023-10-16 17:56:57;0;0;109
1;2023-10-16 17:58:20;0;0;110
1;2023-10-16 17:58:42;0;0;111
1;2023-10-16 17:59:04;0;0;112
1;2023-10-16 17:59:27;0;0;113
1;2023-10-16 18:05:45;0;0;119
1;2023-10-16 18:06:08;0;0;121
1;2023-10-16 18:06:28;0;0;122
1;2023-10-16 18:06:47;0;0;123
1;2023-10-16 18:08:37;0;0;126
1;2023-10-16 18:09:08;0;0;128
1;2023-10-16 18:09:43;0;0;129
1;2023-10-16 18:10:47;0;0;131
1;2023-10-16 18:18:25;0;0;133
1;2023-10-16 18:18:44;0;0;134
1;2023-10-16 18:19:02;0;0;135
1;2023-10-16 18:19:21;0;0;136
1;2023-10-16 18:27:16;0;0;143
1;2023-10-16 18:27:45;0;0;144
1;2023-10-16 18:28:05;0;0;146
1;2023-10-16 18:28:25;0;0;148
1;2023-10-16 18:28:47;0;0;149
1;2023-10-17 11:54:09;0;0;160
1;2023-10-17 16:24:54;0;0;161
1;2023-10-17 16:25:12;0;0;162
1;2023-10-17 16:25:30;0;0;163
1;2023-10-17 16:25:50;0;0;166
1;2023-10-17 16:29:37;0;0;171
1;2023-10-17 16:32:06;0;0;174
1;2023-10-17 16:34:18;0;0;179
1;2023-10-17 16:36:11;0;0;180
1;2023-10-17 16:37:57;0;0;181
1;2023-10-17 16:38:16;0;0;182
1;2023-10-17 16:38:35;0;0;183
1;2023-10-17 16:38:55;0;0;185
1;2023-10-17 16:40:15;0;0;194
1;2023-10-17 16:41:18;0;0;198
1;2023-10-17 16:41:36;0;0;199
1;2023-10-17 16:41:55;0;0;200
1;2023-10-18 10:20:24;0;0;211
1;2023-10-18 10:20:46;0;0;212
1;2023-10-18 10:21:07;0;0;213
1;2023-10-18 10:27:31;0;0;220
1;2023-10-18 10:28:01;0;0;222
1;2023-10-18 10:28:36;0;0;223
1;2023-10-18 10:29:50;0;0;226
1;2023-10-18 10:30:10;0;0;227
1;2023-10-18 10:50:39;0;0;237
1;2023-10-18 10:55:09;0;0;241
1;2023-10-18 15:26:56;0;0;242
1;2023-10-18 15:27:16;0;0;243
1;2023-10-18 15:27:38;0;0;245
1;2023-10-18 15:28:00;0;0;247
1;2023-10-18 15:32:22;0;0;251
1;2023-10-18 15:32:41;0;0;252
1;2023-10-18 15:32:59;0;0;253
1;2023-10-18 15:33:18;0;0;255
1;2023-10-18 15:39:09;0;0;260
1;2023-10-18 15:39:31;0;0;261
1;2023-10-18 15:39:47;0;0;262
1;2023-10-18 15:40:09;0;0;263
1;2023-10-18 15:41:52;0;0;271
1;2023-10-18 15:42:11;0;0;273
1;2023-10-18 15:42:29;0;0;274
1;2023-10-18 15:42:48;0;0;276
1;2023-10-18 15:43:10;0;0;280
1;2023-10-18 15:43:40;0;0;281
1;2023-10-18 15:44:36;0;0;282
1;2023-10-18 15:45:06;0;0;283
1;2023-10-18 15:47:24;0;0;289
1;2023-10-18 15:48:16;0;0;290
1;2023-10-18 15:48:46;0;0;291
1;2023-10-18 15:51:04;0;0;295
1;2023-10-18 15:51:34;0;0;296
1;2023-10-18 15:51:54;0;0;297
1;2023-10-18 15:55:27;0;0;309
1;2023-10-18 15:56:29;0;0;311
1;2023-10-18 15:56:47;0;0;314
1;2023-10-18 15:57:07;0;0;316
1;2023-10-18 16:15:35;0;0;332
1;2023-10-18 16:16:08;0;0;333
1;2023-10-18 16:29:24;0;0;334
1;2023-10-18 16:30:04;0;0;335
1;2023-10-18 16:30:25;0;0;337
1;2023-10-18 16:30:47;0;0;338
1;2023-10-18 16:31:06;0;0;339
1;2023-10-18 16:31:28;0;0;340
1;2023-10-18 16:31:53;0;0;342
1;2023-10-18 16:32:09;0;0;344
1;2023-10-18 16:32:27;0;0;345
1;2023-10-18 16:32:44;0;0;347
1;2023-10-18 16:33:00;0;0;348
1;2023-10-18 16:33:16;0;0;350
1;2023-10-18 16:33:35;0;0;351
1;2023-10-18 16:35:58;0;0;357
1;2023-10-18 16:36:28;0;0;359
1;2023-10-18 16:37:38;0;0;361
1;2023-10-18 16:38:34;0;0;364
1;2023-10-18 16:39:02;0;0;365
1;2023-10-18 16:42:08;0;0;366
1;2023-10-18 16:42:30;0;0;367
1;2023-10-18 17:45:52;0;0;394
1;2023-10-18 17:47:23;0;0;397
1;2023-10-19 11:03:19;0;0;398
1;2023-10-19 11:03:38;0;0;399
1;2023-10-19 17:08:51;0;0;403
1;2023-10-19 17:09:10;0;0;404
1;2023-10-19 17:09:30;0;0;406
1;2023-10-19 17:09:51;0;0;408
1;2023-10-19 17:27:09;0;0;413
1;2023-10-19 17:33:13;0;0;414
1;2023-10-19 18:26:15;0;0;424
1;2023-10-19 18:26:34;0;0;425
1;2023-10-19 18:26:51;0;0;426
1;2023-10-19 18:27:07;0;0;427
1;2023-10-19 18:27:25;0;1;428
1;2023-10-19 18:27:33;0;1;429
1;2023-10-19 18:27:36;0;1;430
1;2023-10-19 18:27:39;0;1;431
1;2023-10-19 18:27:44;0;1;432
1;2023-10-19 18:29:12;0;0;436
1;2023-10-19 18:38:07;0;0;437
1;2023-10-19 18:38:28;0;0;438
1;2024-10-18 14:12:28;0;0;442
1;2024-10-18 14:13:05;0;0;443
1;2024-10-18 14:13:22;0;0;444
1;2024-10-18 14:13:43;0;0;445
1;2024-10-18 14:14:20;0;0;446
1;2024-10-18 14:14:36;0;0;447
1;2024-10-18 14:14:49;0;0;448
1;2024-10-18 14:15:05;0;0;449
1;2024-10-18 14:15:23;0;0;450
1;2024-10-18 14:15:42;0;0;451
1;2024-10-18 14:15:56;0;0;452
1;2024-10-18 14:16:11;0;0;453
1;2024-10-18 14:16:26;0;0;454
1;2024-10-18 14:16:43;0;0;455
1;2024-10-18 14:16:57;0;0;456
1;2024-10-18 14:17:14;0;0;457
1;2024-10-18 14:17:28;0;0;458
1;2024-10-18 14:17:45;0;0;459
1;2024-10-18 14:17:59;0;0;460
1;2024-10-18 14:18:16;0;0;461
1;2024-10-18 14:18:31;0;0;462
1;2024-10-18 14:18:48;0;0;463
1;2024-10-18 14:19:25;0;0;464
1;2024-10-18 14:19:40;0;0;465
1;2024-10-18 14:19:58;0;0;466
1;2024-10-18 14:20:13;0;0;467
1;2024-10-18 14:20:30;0;0;468
1;2024-10-18 14:20:46;0;0;469
1;2024-10-18 14:21:03;0;0;470
1;2024-10-18 14:21:19;0;0;471
1;2024-10-18 14:21:35;0;0;472
1;2024-10-18 14:22:09;0;0;473
1;2024-10-18 14:22:25;0;0;474
1;2024-10-18 14:22:41;0;0;475
1;2024-10-18 14:22:56;0;0;476
1;2024-10-18 14:23:13;0;0;477
1;2024-10-18 14:23:29;0;0;478
1;2024-10-18 14:23:42;0;0;479
1;2024-10-18 14:23:58;0;0;480
1;2024-10-18 14:24:12;0;0;481
1;2024-10-18 14:24:28;0;0;482
1;2024-10-18 14:24:44;0;0;483
1;2024-10-18 14:25:01;0;0;484
1;2024-10-18 14:25:35;0;0;485
1;2024-10-18 14:25:49;0;0;486
1;2024-10-18 14:26:06;0;0;487
1;2024-10-18 14:26:20;0;0;488
1;2024-10-18 14:26:43;0;0;489
1;2024-10-18 14:27:18;0;0;490
1;2024-10-18 14:27:34;0;0;491
1;2024-10-18 14:28:28;0;0;492
1;2024-10-18 14:28:43;0;0;493
1;2024-10-18 14:29:37;0;0;494
1;2024-10-18 14:29:47;0;99;495
1;2024-10-18 14:29:51;0;99;496
1;2024-10-18 14:29:54;0;99;497
1;2024-10-18 14:29:58;0;99;498
1;2024-10-18 14:30:42;0;0;499
1;2024-10-18 14:30:58;0;0;500
1;2024-10-18 14:31:15;0;0;501
1;2024-10-18 14:31:59;0;0;502
1;2024-10-18 14:32:34;0;0;503
1;2024-10-18 14:43:51;0;0;504
1;2024-10-18 14:44:13;0;0;505
1;2024-10-18 14:44:40;0;0;506
1;2024-10-18 14:44:57;0;0;507
1;2024-10-18 14:45:12;0;0;508
1;2024-10-18 14:45:27;0;0;509
1;2024-10-18 14:45:41;0;0;510
1;2024-10-18 14:45:57;0;0;511
1;2024-10-18 14:46:10;0;0;512
1;2024-10-18 14:46:26;0;0;513
1;2024-10-18 14:46:40;0;0;514
1;2024-10-18 14:46:56;0;0;515
1;2024-10-18 14:47:11;0;0;516
1;2024-10-18 14:47:27;0;0;517
1;2024-10-18 14:47:42;0;0;518
1;2024-10-18 14:47:58;0;0;519
1;2024-10-18 14:48:13;0;0;520
1;2024-10-18 14:48:29;0;0;521
1;2024-10-18 14:48:44;0;0;522
1;2024-10-18 14:49:00;0;0;523
1;2024-10-18 14:49:15;0;0;524
1;2024-10-18 14:49:32;0;0;525
1;2024-10-18 14:49:48;0;0;526
1;2024-10-18 14:50:05;0;0;527
1;2024-10-18 14:50:20;0;0;528
1;2024-10-18 14:50:37;0;0;529
1;2024-10-18 14:50:53;0;0;530
1;2024-10-18 14:51:10;0;0;531
1;2024-10-18 14:51:26;0;0;532
1;2024-10-18 14:51:43;0;0;533
1;2024-10-18 14:51:59;0;0;534
1;2024-10-18 14:52:15;0;0;535
1;2024-10-18 14:52:31;0;0;536
1;2024-10-18 14:52:47;0;0;537
1;2024-10-18 14:53:03;0;0;538
1;2024-10-18 14:53:20;0;0;539
1;2024-10-18 14:53:34;0;0;540
1;2024-10-18 14:53:50;0;0;541
1;2024-10-18 14:54:03;0;0;542
1;2024-10-18 14:54:19;0;0;543
1;2024-10-18 14:54:33;0;0;544
1;2024-10-18 14:54:48;0;0;545
1;2024-10-18 14:55:02;0;0;546
1;2024-10-18 14:55:18;0;0;547
1;2024-10-18 14:55:33;0;0;548
1;2024-10-18 14:55:49;0;0;549
1;2024-10-18 14:56:04;0;0;550
1;2024-10-18 14:56:20;0;0;551
1;2024-10-18 14:56:35;0;0;552
1;2024-10-18 14:56:51;0;0;553
1;2024-10-18 14:57:06;0;0;554
1;2024-10-18 14:57:22;0;0;555
1;2024-10-18 14:57:38;0;0;556
1;2024-10-18 14:57:55;0;0;557
1;2024-10-18 14:58:10;0;0;558
1;2024-10-18 14:58:27;0;0;559
1;2024-10-18 14:58:43;0;0;560
1;2024-10-18 14:59:00;0;0;561
1;2024-10-18 14:59:15;0;0;562
1;2024-10-18 14:59:32;0;0;563
1;2024-10-18 14:59:48;0;0;564
1;2024-10-18 15:00:09;0;0;565
1;2024-10-18 15:00:30;0;0;566
1;2024-10-18 15:00:51;0;0;567
1;2024-10-18 15:46:44;0;0;568
1;2024-10-18 15:47:00;0;0;569
1;2024-10-18 15:47:24;0;0;570
1;2024-10-18 15:47:41;0;0;571
1;2024-10-18 15:47:59;0;0;572
1;2024-10-18 15:48:14;0;0;573
1;2024-10-18 15:48:29;0;0;574
1;2024-10-18 15:48:43;0;0;575
1;2024-10-18 15:48:59;0;0;576
1;2024-10-18 15:49:12;0;0;577
1;2024-10-18 15:49:28;0;0;578
1;2024-10-18 15:49:42;0;0;579
1;2024-10-18 15:50:00;0;0;580
1;2024-10-18 15:50:14;0;0;581
1;2024-10-18 15:50:31;0;0;582
1;2024-10-18 15:50:45;0;0;583
1;2024-10-18 15:51:02;0;0;584
1;2024-10-18 15:51:16;0;0;585
1;2024-10-18 15:51:33;0;0;586
1;2024-10-18 15:51:47;0;0;587
1;2024-10-18 15:52:05;0;0;588
1;2024-10-18 15:52:21;0;0;589
1;2024-10-18 15:52:38;0;0;590
1;2024-10-18 15:52:53;0;0;591
1;2024-10-18 15:53:10;0;0;592
1;2024-10-18 15:53:26;0;0;593
1;2024-10-18 15:53:43;0;0;594
1;2024-10-18 15:53:58;0;0;595
1;2024-10-18 15:54:15;0;0;596
1;2024-10-18 15:54:31;0;0;597
1;2024-10-18 15:54:47;0;0;598
1;2024-10-18 15:55:03;0;0;599
1;2024-10-18 15:55:19;0;0;600
1;2024-10-18 15:55:35;0;0;601
1;2024-10-18 15:55:51;0;0;602
1;2024-10-18 15:56:07;0;0;603
1;2024-10-18 15:56:24;0;0;604
1;2024-10-18 15:56:39;0;0;605
1;2024-10-18 15:56:54;0;0;606
1;2024-10-18 15:57:08;0;0;607
1;2024-10-18 15:57:24;0;0;608
1;2024-10-18 15:57:37;0;0;609
1;2024-10-18 15:57:53;0;0;610
1;2024-10-18 15:58:07;0;0;611
1;2024-10-18 15:58:25;0;0;612
1;2024-10-18 15:58:39;0;0;613
1;2024-10-18 15:58:56;0;0;614
1;2024-10-18 15:59:10;0;0;615
1;2024-10-18 15:59:27;0;0;616
1;2024-10-18 15:59:41;0;0;617
1;2024-10-18 15:59:58;0;0;618
1;2024-10-18 16:00:13;0;0;619
1;2024-10-18 16:00:31;0;0;620
1;2024-10-18 16:00:46;0;0;621
1;2024-10-18 16:01:03;0;0;622
1;2024-10-18 16:01:19;0;0;623
1;2024-10-18 16:01:36;0;0;624
1;2024-10-18 16:01:51;0;0;625
1;2024-10-18 16:02:08;0;0;626
1;2024-10-18 16:02:23;0;0;627
1;2024-10-18 16:02:44;0;0;628
1;2024-10-18 16:03:05;0;0;629
1;2024-10-18 16:03:26;0;0;630
1;2024-10-18 16:03:47;0;0;631
1;2024-11-04 15:47:40;0;0;634
1;2024-11-04 15:48:11;0;0;635
1;2024-11-04 15:49:33;0;0;638
1;2024-11-04 15:49:50;0;0;639
1;2024-11-05 11:56:40;0;0;640
1;2024-11-05 11:56:58;0;0;641
1;2024-11-05 11:58:43;0;0;646
1;2024-11-05 11:59:48;0;0;648
1;2024-11-05 12:01:25;0;0;649
1;2024-11-05 12:05:54;0;0;654
1;2024-11-05 12:11:27;0;0;657
1;2024-11-05 12:11:45;0;0;658
1;2024-11-05 12:12:47;0;0;661
1;2024-11-05 12:13:16;0;0;662
1;2024-11-07 15:33:22;0;0;666
1;2024-11-07 15:34:36;0;0;668
1;2024-11-07 15:34:53;0;0;669
1;2024-11-07 15:35:52;0;0;671
1;2024-11-08 08:37:33;0;0;672
1;2024-11-08 08:57:27;0;0;674
1;2024-11-08 08:58:56;0;99;676
1;2024-11-08 09:00:17;0;0;677
1;2024-11-08 15:20:14;0;0;678
1;2024-11-08 15:20:32;0;0;679
1;2024-11-08 15:21:50;0;0;682
1;2024-11-08 15:22:08;0;0;683
1;2024-11-08 15:24:01;0;0;684
1;2024-11-08 15:24:17;0;0;685
1;2024-11-08 15:26:05;0;0;693
1;2024-11-08 15:26:31;0;0;695
1;2024-11-08 15:28:16;0;0;696
1;2024-11-08 15:28:34;0;0;697
1;2024-11-08 15:28:54;0;0;699
1;2024-11-08 15:29:58;0;0;702
1;2024-11-08 15:30:16;0;0;703
1;2024-11-08 15:30:40;0;0;704
1;2024-11-08 15:34:35;0;0;705
1;2024-11-08 15:34:53;0;0;706
1;2024-11-08 15:35:12;0;0;707
1;2024-11-08 15:39:08;0;0;716
1;2024-11-08 15:40:52;0;0;721
1;2024-11-08 15:41:13;0;0;722
1;2024-11-09 10:44:30;0;0;723
1;2024-11-09 10:45:22;0;0;725
1;2024-11-09 10:51:40;0;0;726
1;2024-11-09 10:53:05;0;0;728
1;2024-11-09 11:00:25;0;0;729
1;2024-11-09 11:03:30;0;0;730
1;2024-11-09 11:07:26;0;0;736
1;2024-11-09 11:16:51;0;0;740
1;2024-11-09 11:23:13;0;0;744
1;2024-11-09 11:23:29;0;0;745
1;2024-11-09 11:23:45;0;0;746
1;2024-11-09 11:24:42;0;0;749
1;2024-11-09 11:25:02;0;0;751
1;2024-11-09 11:27:01;0;0;752
1;2024-11-09 11:46:16;0;0;755
1;2024-11-09 11:46:37;0;0;756
1;2024-11-09 11:47:32;0;0;760
1;2024-11-09 11:47:54;0;0;761
1;2024-11-09 11:48:15;0;0;762
1;2024-11-09 11:48:47;0;0;764
1;2024-11-11 15:47:37;0;0;767
1;2024-11-11 15:47:53;0;0;768
1;2024-11-11 15:48:18;0;0;769
1;2024-11-11 15:48:37;0;0;772
1;2024-11-11 15:48:56;0;0;774
1;2024-11-11 15:49:12;0;0;776
1;2024-11-11 15:49:28;0;0;778
1;2024-11-11 15:49:53;0;0;779
1;2024-11-11 15:50:09;0;0;780
1;2024-11-11 15:50:28;0;0;781
1;2024-11-11 16:17:10;0;0;789
1;2024-11-11 16:17:28;0;0;790
1;2024-11-11 16:17:46;0;0;791
1;2024-11-11 16:18:33;0;0;794
1;2024-11-11 16:19:04;0;0;796
1;2024-11-11 16:19:34;0;0;797
1;2024-11-11 16:20:00;0;0;799
1;2024-11-11 16:21:23;0;0;801
1;2024-11-11 16:50:51;0;0;809
1;2024-11-11 16:52:13;0;0;811
1;2024-11-11 17:00:28;0;0;812
1;2024-11-11 17:00:46;0;0;813
1;2024-11-11 17:01:04;0;0;814
1;2024-11-11 17:02:02;0;0;820
1;2024-11-11 17:07:52;0;0;826
1;2024-11-11 17:09:08;0;0;832
1;2024-11-11 17:09:32;0;0;834
1;2024-11-11 17:09:55;0;0;835
1;2024-11-11 17:16:16;0;0;836
1;2024-11-11 17:17:48;0;0;838
1;2024-11-11 17:21:54;0;0;840
1;2024-11-11 17:23:09;0;0;845
1;2024-11-11 17:23:22;0;0;846
1;2024-11-11 17:23:39;0;0;847
1;2024-11-11 17:23:59;0;0;849
1;2024-11-11 17:24:49;0;0;852
1;2024-11-11 17:25:07;0;0;853
1;2024-11-11 17:25:32;0;0;854
1;2024-11-13 09:18:30;0;0;864
1;2024-11-13 09:18:49;0;0;865
1;2024-11-13 09:19:17;0;0;868
1;2024-11-13 09:21:51;0;0;871
1;2024-11-13 09:22:07;0;0;872
1;2024-11-13 09:33:42;0;0;880
1;2024-11-13 09:34:00;0;0;881
1;2024-11-13 09:34:19;0;0;882
1;2024-11-13 09:35:16;0;0;885
1;2024-11-13 09:35:32;0;0;886
1;2024-11-13 09:35:50;0;0;888
1;2024-11-13 09:36:06;0;0;889
1;2024-11-13 09:37:28;0;0;891
1;2024-11-13 09:37:44;0;0;892
1;2024-11-13 09:39:23;0;0;897
1;2024-11-13 09:43:19;0;0;905
1;2024-11-13 09:43:48;0;0;907
1;2024-11-13 09:46:08;0;0;912
1;2024-11-13 10:26:28;0;0;915
1;2024-11-13 10:26:49;0;0;916
1;2024-11-13 10:27:50;0;0;919
1;2024-11-13 10:28:07;0;0;920
1;2024-11-13 10:28:30;0;0;921
1;2024-11-13 10:28:46;0;0;922
1;2024-11-13 10:32:19;0;0;931
1;2024-11-13 10:32:51;0;0;933
1;2024-11-13 10:53:24;0;0;938
1;2024-11-13 10:54:47;0;0;940
1;2024-11-13 10:55:28;0;0;942
1;2024-11-13 10:55:47;0;0;943
1;2024-11-13 11:00:19;0;0;947
1;2024-11-13 11:00:36;0;0;949
1;2024-11-13 11:01:07;0;0;951
1;2024-11-13 11:02:29;0;0;956
1;2024-11-13 11:22:35;0;0;960
1;2024-11-13 11:23:58;0;0;962
1;2024-11-13 17:14:48;0;0;963
1;2024-11-13 17:17:49;0;0;970
1;2024-11-13 17:20:12;0;0;978
1;2024-11-13 17:21:02;0;0;980
1;2024-11-25 16:02:39;0;0;981
1;2024-11-25 16:04:53;0;0;983
1;2024-11-25 16:23:01;0;0;984
1;2024-11-25 16:24:23;0;0;986
1;2024-11-26 08:38:59;0;0;987
1;2024-11-26 08:47:33;0;0;992
1;2024-11-26 09:06:27;0;0;994
1;2024-11-26 09:07:49;0;0;996
1;2024-11-27 14:00:35;0;0;998
1;2024-11-27 14:02:35;0;0;1000
1;2024-11-27 14:14:28;0;0;1002
1;2024-11-27 14:15:49;0;0;1004
1;2024-11-27 14:27:37;0;0;1006
1;2024-11-27 14:29:20;0;0;1008
1;2024-11-27 14:34:14;0;0;1010
1;2024-11-27 14:35:40;0;0;1012
1;2024-11-27 14:39:34;0;0;1013
1;2024-11-27 14:41:30;0;0;1015
1;2024-12-05 10:04:52;0;0;1016
1;2024-12-05 10:07:31;0;0;1017
1;2024-12-05 10:10:55;0;0;1022
1;2024-12-05 11:09:34;0;0;1023
1;2024-12-05 11:11:49;0;0;1025
1;2024-12-05 11:12:49;0;0;1026
1;2024-12-05 11:17:29;0;0;1031
1;2024-12-05 11:18:17;0;0;1034
1;2025-03-19 11:27:30;0;0;1035
1;2025-03-19 11:33:56;0;0;1038
1;2025-03-19 11:43:05;0;0;1039
1;2025-03-19 11:46:06;0;99;1042
1;2025-03-19 11:50:24;0;0;1043
1;2025-03-19 11:52:00;0;0;1046
1;2025-03-19 12:57:44;0;0;1047
1;2025-03-19 13:00:47;0;0;1048
1;2025-03-19 13:07:28;0;0;1049
1;2025-03-19 13:15:31;0;0;1051
1;2025-03-19 13:18:25;0;0;1054
1;2025-03-19 13:23:30;0;0;1055
1;2025-03-19 13:36:04;0;0;1056
1;2025-03-19 13:48:47;0;0;1057
1;2025-03-19 13:50:07;0;0;1061
1;2025-03-19 14:44:30;0;0;1062
1;2025-03-19 14:48:12;0;0;1063
1;2025-03-19 14:50:54;0;0;1066
1;2025-03-19 14:54:51;0;0;1067
1;2025-03-19 14:57:30;0;0;1070
1;2025-03-19 15:21:11;0;0;1071
1;2025-03-19 15:25:07;0;0;1074
1;2025-03-19 15:25:25;0;0;1075
1;2025-03-19 16:08:01;0;0;1078
1;2025-03-20 13:20:51;0;0;1080
1;2025-03-20 13:22:46;0;0;1082
1;2025-03-21 11:37:19;0;0;1084
1;2025-03-21 11:38:44;0;0;1086
1;2025-03-21 11:55:39;0;0;1091
1;2025-03-21 11:55:59;0;0;1092
1;2025-03-21 11:56:26;0;0;1094
1;2025-03-21 11:56:45;0;0;1099
1;2025-03-21 11:57:02;0;0;1101
1;2025-03-21 11:57:19;0;0;1102
1;2025-03-21 11:57:35;0;0;1104
1;2025-03-21 11:57:59;0;0;1106
1;2025-03-21 11:58:19;0;0;1107
1;2025-03-21 11:58:34;0;0;1109
1;2025-03-21 11:58:51;0;0;1110
1;2025-03-21 11:59:07;0;0;1111
1;2025-03-21 11:59:26;0;0;1113
1;2025-03-21 11:59:42;0;0;1114
1;2025-03-21 12:00:15;0;0;1116
1;2025-03-21 12:00:52;0;0;1118
1;2025-03-21 14:08:46;0;0;1123
1;2025-03-21 14:09:06;0;0;1124
1;2025-03-21 14:09:25;0;0;1125
1;2025-03-21 14:09:45;0;0;1126
1;2025-03-21 14:45:26;0;0;1149
1;2025-03-21 14:45:56;0;0;1151
1;2025-03-26 10:50:49;0;0;1162
1;2025-03-26 11:29:56;0;0;1179
1;2025-03-26 11:41:31;0;0;1186
1;2025-06-12 18:21:26;0;0;1193
1;2025-06-12 19:24:09;0;0;1223
1;2025-06-26 16:13:42;0;0;1243
1;2025-11-17 09:36:10;0;0;1247
1;2025-11-17 09:39:15;0;1;1248
1;2025-11-17 09:50:17;0;1;1249
1;2025-11-17 09:59:58;0;1;1250
1;2025-11-17 10:09:51;0;1;1251
1;2025-11-17 10:36:19;0;1;1252
1;2025-11-17 11:29:55;0;1;1253
1;2025-11-17 11:31:46;0;1;1254
1;2025-11-17 11:32:50;0;0;1255
1;2025-11-17 11:37:14;0;0;1260
1;2025-11-17 11:39:38;0;0;1261
1;2025-11-17 11:41:49;0;0;1266
1;2025-11-17 11:42:16;0;0;1267
1;2025-11-17 11:51:37;0;0;1269
1;2025-11-17 11:57:24;0;0;1271
1;2025-11-17 12:00:51;0;0;1276
1;2025-11-17 12:02:49;0;0;1277
1;2025-11-17 12:04:22;0;0;1282
1;2025-11-24 08:37:59;0;1;1283
1;2025-11-24 08:40:07;0;0;1284
1;2025-11-24 08:41:05;0;1;1286
1;2025-11-24 08:56:50;0;1;1287
1;2025-11-24 08:58:44;0;1;1288
1;2025-11-24 09:20:18;0;1;1289
1;2025-11-24 09:26:22;0;0;1290
1;2025-11-24 09:29:19;0;0;1295
1;2025-11-24 09:31:12;0;1;1296
1;2025-11-24 10:10:25;0;0;1297
1;2025-11-24 10:15:47;0;0;1302
1;2025-11-24 10:26:37;0;0;1303
1;2025-11-24 10:26:58;0;0;1304
1;2025-11-24 10:28:50;0;0;1311
1;2025-11-24 10:29:56;0;0;1314
1;2025-11-25 16:05:34;0;0;1315
1;2025-11-25 16:07:45;0;0;1320
1;2025-11-25 16:08:43;0;0;1321
1;2025-11-25 16:09:39;0;0;1323
1;2025-11-25 16:10:55;0;0;1330
1;2025-11-25 16:11:28;0;0;1332
2;2023-10-16 18:27:53;0;0;145
2;2023-10-16 18:28:21;0;0;147
2;2023-10-16 18:33:35;0;0;150
2;2023-10-16 18:33:46;0;0;151
2;2023-10-17 16:25:32;0;0;164
2;2023-10-17 16:25:50;0;0;165
2;2023-10-17 16:26:08;0;0;167
2;2023-10-17 16:26:27;0;0;168
2;2023-10-18 10:30:14;0;0;228
2;2023-10-18 10:30:34;0;0;229
2;2023-10-18 15:27:19;0;0;244
2;2023-10-18 15:27:40;0;0;246
2;2023-10-18 15:28:01;0;0;248
2;2023-10-18 15:28:23;0;0;249
2;2023-10-18 15:51:58;0;0;298
2;2023-10-18 15:52:17;0;0;299
2;2023-10-18 15:56:52;0;0;315
2;2023-10-18 15:57:10;0;0;318
2;2023-10-18 16:42:32;0;0;368
2;2023-10-18 16:42:53;0;0;369
2;2023-10-19 11:03:43;0;0;400
2;2023-10-19 11:04:02;0;0;401
2;2023-10-19 17:09:15;0;0;405
2;2023-10-19 17:09:34;0;0;407
2;2023-10-19 17:09:53;0;0;409
2;2023-10-19 17:10:15;0;0;410
2;2023-10-19 18:38:31;0;0;439
2;2023-10-19 18:39:22;0;0;440
2;2024-11-05 11:57:36;0;0;642
2;2024-11-05 11:58:01;0;0;643
2;2024-11-05 12:01:51;0;0;650
2;2024-11-05 12:04:14;0;0;652
2;2024-11-07 15:34:04;0;0;667
2;2024-11-08 15:24:54;0;0;686
2;2024-11-08 15:25:20;0;0;688
2;2024-11-08 15:28:53;0;0;698
2;2024-11-08 15:29:06;0;0;700
2;2024-11-08 15:29:24;0;0;701
2;2024-11-08 15:35:54;0;0;708
2;2024-11-08 15:36:55;0;0;710
2;2024-11-08 15:37:40;0;0;712
2;2024-11-08 15:37:59;0;0;714
2;2024-11-08 15:39:42;0;0;717
2;2024-11-08 15:40:02;0;0;718
2;2024-11-09 10:45:10;0;0;724
2;2024-11-09 11:03:58;0;0;731
2;2024-11-09 11:07:05;0;0;735
2;2024-11-09 11:15:43;0;0;738
2;2024-11-11 15:48:49;0;0;773
2;2024-11-11 15:49:04;0;0;775
2;2024-11-11 15:49:22;0;0;777
2;2024-11-11 17:01:05;0;0;815
2;2024-11-11 17:01:23;0;0;817
2;2024-11-11 17:01:39;0;0;818
2;2024-11-11 17:06:27;0;0;822
2;2024-11-11 17:06:44;0;0;824
2;2024-11-11 17:07:59;0;0;827
2;2024-11-11 17:08:15;0;0;828
2;2024-11-11 17:08:32;0;0;829
2;2024-11-13 09:19:06;0;0;867
2;2024-11-13 09:19:21;0;0;869
2;2024-11-13 09:23:04;0;0;873
2;2024-11-13 09:25:50;0;0;875
2;2024-11-13 09:38:02;0;0;893
2;2024-11-13 09:42:14;0;0;898
2;2024-11-13 09:42:39;0;0;901
2;2024-11-13 09:44:58;0;0;908
2;2024-11-13 10:31:08;0;0;924
2;2024-11-13 10:31:38;0;0;927
2;2024-11-13 10:59:56;0;0;945
2;2024-11-13 11:01:14;0;0;952
2;2024-11-13 17:15:09;0;0;964
2;2024-11-13 17:16:32;0;0;966
2;2024-11-13 17:16:58;0;0;968
2;2024-11-13 17:18:33;0;0;971
2;2024-11-13 17:19:11;0;0;973
2;2024-11-13 17:20:01;0;0;977
2;2024-11-26 08:40:24;0;0;988
2;2024-12-05 10:09:42;0;0;1018
2;2024-12-05 11:13:43;0;0;1027
2;2024-12-05 11:17:08;0;0;1029
2;2025-03-19 11:30:23;0;0;1036
2;2025-03-19 11:43:33;0;0;1040
2;2025-03-19 11:50:46;0;0;1044
2;2025-03-19 13:14:03;0;0;1050
2;2025-03-19 13:17:21;0;0;1052
2;2025-03-19 14:49:50;0;0;1064
2;2025-03-19 14:56:26;0;0;1068
2;2025-03-19 16:06:56;0;0;1076
2;2025-03-21 14:09:59;0;0;1127
2;2025-03-21 14:11:04;0;0;1131
2;2025-03-21 14:11:48;0;0;1134
2;2025-03-21 14:12:10;0;0;1137
2;2025-03-21 14:45:55;0;0;1150
2;2025-03-21 14:46:32;0;0;1154
2;2025-03-26 10:55:28;0;0;1163
2;2025-03-26 10:57:36;0;0;1165
2;2025-03-26 10:59:39;0;0;1167
2;2025-03-26 11:01:55;0;0;1169
2;2025-03-26 11:03:43;0;0;1171
2;2025-03-26 11:05:15;0;0;1173
2;2025-03-26 11:30:18;0;0;1180
2;2025-03-26 11:41:52;0;0;1187
2;2025-06-12 18:25:13;0;0;1194
2;2025-06-12 18:29:25;0;0;1196
2;2025-06-12 18:32:07;0;0;1198
2;2025-06-12 19:01:42;0;0;1200
2;2025-06-12 19:03:29;0;0;1202
2;2025-06-12 19:05:25;0;0;1204
2;2025-06-12 19:07:21;0;0;1206
2;2025-06-12 19:09:22;0;0;1208
2;2025-06-12 19:11:27;0;0;1210
2;2025-06-12 19:13:16;0;0;1212
2;2025-06-12 19:16:06;0;0;1214
2;2025-06-12 19:17:57;0;0;1216
2;2025-06-12 19:20:07;0;0;1218
2;2025-06-12 19:22:05;0;0;1220
2;2025-06-12 19:26:55;0;0;1224
2;2025-06-12 19:28:03;0;0;1226
2;2025-06-12 19:28:48;0;0;1228
2;2025-06-12 19:29:57;0;0;1230
2;2025-06-12 19:30:48;0;0;1232
2;2025-06-12 19:31:57;0;0;1234
2;2025-06-12 19:34:10;0;0;1236
2;2025-06-12 19:34:24;0;0;1237
2;2025-06-12 19:38:47;0;0;1240
2;2025-11-17 11:34:45;0;0;1256
2;2025-11-17 11:40:27;0;0;1262
2;2025-11-17 11:42:38;0;0;1268
2;2025-11-17 11:52:15;0;0;1270
2;2025-11-17 11:57:53;0;0;1272
2;2025-11-17 12:03:11;0;0;1278
2;2025-11-24 09:26:51;0;0;1291
2;2025-11-24 10:10:53;0;0;1298
2;2025-11-24 10:27:38;0;0;1305
2;2025-11-24 10:28:28;0;0;1309
2;2025-11-25 16:06:31;0;0;1316
2;2025-11-25 16:09:25;0;0;1322
2;2025-11-25 16:10:17;0;0;1326
3;2023-10-17 09:04:30;0;0;153
3;2023-10-17 09:04:38;0;0;154
3;2023-10-17 09:05:07;0;0;155
3;2023-10-17 09:08:40;0;1;159
3;2023-10-17 16:27:42;0;0;169
3;2023-10-17 16:30:12;0;0;172
3;2023-10-17 16:32:24;0;0;175
3;2023-10-17 16:33:51;0;0;177
3;2023-10-18 09:05:55;0;0;210
3;2023-10-18 10:47:40;0;0;231
3;2023-10-18 10:47:49;0;0;233
3;2023-10-18 15:30:57;0;0;250
3;2023-10-18 15:34:27;0;0;256
3;2023-10-18 15:36:23;0;0;258
3;2023-10-18 15:42:52;0;0;277
3;2023-10-18 15:46:33;0;0;287
3;2023-10-18 15:53:47;0;0;305
3;2023-10-18 15:55:16;0;0;308
3;2023-10-18 16:02:01;0;0;319
3;2023-10-18 16:03:34;0;0;321
3;2023-10-18 16:06:47;0;0;323
3;2023-10-18 17:37:15;0;0;383
3;2023-10-18 17:40:55;0;0;384
3;2023-10-18 17:42:22;0;0;386
3;2023-10-19 17:25:28;0;0;411
3;2023-10-19 18:03:39;0;0;418
3;2023-10-19 18:07:17;0;0;419
3;2023-10-19 18:08:45;0;0;420
3;2023-10-19 18:40:59;0;0;441
3;2024-11-05 11:58:17;0;0;644
3;2024-11-05 12:02:10;0;0;651
3;2024-11-08 15:25:10;0;0;687
3;2024-11-08 15:25:35;0;0;690
3;2024-11-08 15:36:09;0;0;709
3;2024-11-08 15:37:11;0;0;711
3;2024-11-08 15:37:56;0;0;713
3;2024-11-09 11:06:33;0;0;732
3;2024-11-09 11:13:16;0;0;737
3;2024-11-11 17:01:22;0;0;816
3;2024-11-11 17:01:50;0;0;819
3;2024-11-11 17:04:27;0;0;821
3;2024-11-11 17:06:43;0;0;823
3;2024-11-13 09:23:21;0;5050;874
3;2024-11-13 09:26:06;0;5050;876
3;2024-11-13 09:38:28;0;0;894
3;2024-11-13 09:42:23;0;0;899
3;2024-11-13 09:42:54;0;0;903
3;2024-11-13 09:45:13;0;0;909
3;2024-11-13 10:31:24;0;0;925
3;2024-11-13 10:31:54;0;0;928
3;2024-11-13 11:00:11;0;0;946
3;2024-11-13 11:01:30;0;0;953
3;2024-11-13 17:15:25;0;5050;965
3;2024-11-13 17:16:39;0;5050;967
3;2024-11-13 17:17:04;0;0;969
3;2024-11-13 17:18:42;0;5050;972
3;2024-11-13 17:19:19;0;0;974
3;2024-11-26 08:40:41;0;0;989
3;2024-12-05 10:09:58;0;0;1019
3;2024-12-05 11:13:58;0;5050;1028
3;2024-12-05 11:17:23;0;0;1030
3;2025-03-19 11:33:08;0;0;1037
3;2025-03-19 11:44:32;0;0;1041
3;2025-03-19 11:51:12;0;0;1045
3;2025-03-19 13:17:36;0;0;1053
3;2025-03-19 13:49:13;0;0;1058
3;2025-03-19 14:50:06;0;0;1065
3;2025-03-19 14:56:41;0;0;1069
3;2025-03-19 15:23:26;0;0;1072
3;2025-03-19 16:07:11;0;0;1077
3;2025-03-21 14:10:15;0;0;1128
3;2025-03-21 14:11:45;0;0;1132
3;2025-03-21 14:12:03;0;0;1136
3;2025-03-21 14:12:31;0;0;1140
3;2025-03-21 14:46:10;0;0;1152
3;2025-03-21 14:46:47;0;0;1156
3;2025-03-26 10:55:45;0;5050;1164
3;2025-03-26 10:57:52;0;5050;1166
3;2025-03-26 10:59:55;0;5050;1168
3;2025-03-26 11:02:11;0;5050;1170
3;2025-03-26 11:03:59;0;5050;1172
3;2025-03-26 11:05:31;0;0;1174
3;2025-03-26 11:30:35;0;0;1181
3;2025-03-26 11:45:31;0;0;1188
3;2025-06-12 18:25:30;0;5050;1195
3;2025-06-12 18:29:43;0;5050;1197
3;2025-06-12 18:32:35;0;5050;1199
3;2025-06-12 19:01:58;0;5050;1201
3;2025-06-12 19:03:47;0;5050;1203
3;2025-06-12 19:05:43;0;5050;1205
3;2025-06-12 19:07:40;0;5050;1207
3;2025-06-12 19:09:44;0;5050;1209
3;2025-06-12 19:11:43;0;5050;1211
3;2025-06-12 19:13:53;0;5050;1213
3;2025-06-12 19:16:22;0;5050;1215
3;2025-06-12 19:18:13;0;5050;1217
3;2025-06-12 19:20:24;0;5050;1219
3;2025-06-12 19:22:21;0;5050;1221
3;2025-06-12 19:27:11;0;5050;1225
3;2025-06-12 19:28:21;0;5050;1227
3;2025-06-12 19:29:04;0;5050;1229
3;2025-06-12 19:30:17;0;5050;1231
3;2025-06-12 19:31:04;0;5050;1233
3;2025-06-12 19:32:14;0;5050;1235
3;2025-06-12 19:34:26;0;5050;1238
3;2025-06-12 19:34:50;0;5050;1239
3;2025-06-12 19:39:03;0;5050;1241
3;2025-11-17 11:36:21;0;0;1257
3;2025-11-17 11:40:56;0;0;1263
3;2025-11-17 11:59:58;0;0;1273
3;2025-11-17 12:03:28;0;0;1279
3;2025-11-24 09:28:24;0;0;1292
3;2025-11-24 10:11:11;0;0;1299
3;2025-11-24 10:27:55;0;0;1306
3;2025-11-24 10:28:46;0;0;1310
3;2025-11-25 16:06:49;0;0;1317
3;2025-11-25 16:10:01;0;0;1324
3;2025-11-25 16:10:34;0;0;1328
4;2023-10-17 09:05:10;0;5050;156
4;2023-10-17 09:05:44;0;5050;157
4;2023-10-17 09:06:15;0;0;158
4;2023-10-17 16:27:55;0;0;170
4;2023-10-17 16:30:25;0;0;173
4;2023-10-17 16:32:38;0;0;176
4;2023-10-17 16:34:06;0;0;178
4;2023-10-18 10:47:42;0;5050;232
4;2023-10-18 10:48:41;0;0;235
4;2023-10-18 15:34:40;0;0;257
4;2023-10-18 15:36:37;0;0;259
4;2023-10-18 15:43:08;0;0;278
4;2023-10-18 15:46:48;0;0;288
4;2023-10-18 15:54:00;0;0;306
4;2023-10-18 15:55:30;0;0;310
4;2023-10-18 16:02:16;0;0;320
4;2023-10-18 16:03:49;0;0;322
4;2023-10-18 17:41:08;0;0;385
4;2023-10-18 17:42:37;0;0;388
4;2023-10-19 17:25:42;0;0;412
4;2023-10-19 18:24:14;0;0;421
4;2023-10-19 18:24:16;0;0;422
4;2023-10-19 18:24:19;0;0;423
4;2024-11-05 11:58:32;0;0;645
4;2024-11-08 15:25:24;0;0;689
4;2024-11-08 15:25:50;0;0;692
4;2024-11-09 11:06:47;0;0;733
4;2024-11-13 09:38:43;0;0;895
4;2024-11-13 09:42:38;0;0;900
4;2024-11-13 09:43:09;0;0;904
4;2024-11-13 09:45:28;0;0;910
4;2024-11-13 10:31:38;0;0;926
4;2024-11-13 10:32:08;0;0;930
4;2024-11-13 11:00:26;0;0;948
4;2024-11-13 11:01:45;0;0;954
4;2024-11-13 17:19:31;0;0;975
4;2024-11-26 08:40:56;0;0;990
4;2024-12-05 10:10:15;0;0;1020
4;2024-12-05 11:17:38;0;0;1032
4;2025-03-19 13:49:28;0;0;1059
4;2025-03-19 15:23:40;0;0;1073
4;2025-03-21 14:10:30;0;0;1129
4;2025-03-21 14:12:00;0;0;1135
4;2025-03-21 14:12:18;0;0;1139
4;2025-03-21 14:12:59;0;0;1142
4;2025-03-21 14:46:25;0;0;1153
4;2025-03-21 14:47:02;0;0;1157
4;2025-03-26 11:05:46;0;0;1175
4;2025-03-26 11:30:49;0;0;1182
4;2025-03-26 11:45:45;0;0;1189
4;2025-11-17 11:36:35;0;0;1258
4;2025-11-17 11:41:10;0;0;1264
4;2025-11-17 12:00:13;0;0;1274
4;2025-11-17 12:03:43;0;0;1280
4;2025-11-24 09:28:40;0;0;1293
4;2025-11-24 10:11:26;0;0;1300
4;2025-11-24 10:28:11;0;0;1307
4;2025-11-24 10:29:00;0;0;1312
4;2025-11-25 16:07:05;0;0;1318
4;2025-11-25 16:10:16;0;0;1325
4;2025-11-25 16:10:49;0;0;1329
5;2023-10-17 16:38:48;0;0;184
5;2023-10-17 16:39:07;0;0;187
5;2023-10-17 16:39:26;0;0;190
5;2023-10-17 16:39:46;0;0;192
5;2023-10-18 15:40:44;0;0;264
5;2023-10-18 15:41:00;0;0;265
5;2023-10-18 15:45:56;0;0;284
5;2023-10-18 15:49:36;0;0;292
5;2023-10-19 17:34:04;0;0;415
5;2023-10-19 18:27:47;0;0;433
5;2024-11-05 11:59:23;0;0;647
5;2024-11-05 12:05:30;0;0;653
5;2024-11-08 15:25:40;0;0;691
5;2024-11-08 15:26:06;0;0;694
5;2024-11-08 15:38:43;0;0;715
5;2024-11-08 15:40:26;0;0;719
5;2024-11-08 15:40:46;0;0;720
5;2024-11-09 11:07:02;0;0;734
5;2024-11-09 11:16:27;0;0;739
5;2024-11-11 17:07:27;0;0;825
5;2024-11-11 17:08:43;0;0;830
5;2024-11-11 17:09:01;0;0;831
5;2024-11-11 17:09:17;0;0;833
5;2024-11-13 09:38:58;0;0;896
5;2024-11-13 09:42:54;0;0;902
5;2024-11-13 09:43:24;0;0;906
5;2024-11-13 09:45:43;0;0;911
5;2024-11-13 10:31:54;0;0;929
5;2024-11-13 10:32:24;0;0;932
5;2024-11-13 11:00:42;0;0;950
5;2024-11-13 11:02:01;0;0;955
5;2024-11-13 17:19:47;0;0;976
5;2024-11-13 17:20:36;0;0;979
5;2024-11-26 08:43:21;0;0;991
5;2024-12-05 10:10:31;0;0;1021
5;2024-12-05 11:17:53;0;0;1033
5;2025-03-19 13:49:43;0;0;1060
5;2025-03-21 14:10:45;0;0;1130
5;2025-03-21 14:12:16;0;0;1138
5;2025-03-21 14:12:33;0;0;1141
5;2025-03-21 14:13:14;0;0;1143
5;2025-03-21 14:46:40;0;0;1155
5;2025-03-21 14:47:18;0;0;1158
5;2025-03-26 11:06:01;0;0;1176
5;2025-03-26 11:31:05;0;0;1183
5;2025-03-26 11:46:00;0;0;1190
5;2025-11-17 11:36:51;0;0;1259
5;2025-11-17 11:41:25;0;0;1265
5;2025-11-17 12:00:28;0;0;1275
5;2025-11-17 12:03:58;0;0;1281
5;2025-11-24 09:28:55;0;0;1294
5;2025-11-24 10:15:04;0;0;1301
5;2025-11-24 10:28:26;0;0;1308
5;2025-11-24 10:29:16;0;0;1313
5;2025-11-25 16:07:21;0;0;1319
5;2025-11-25 16:10:31;0;0;1327
5;2025-11-25 16:11:05;0;0;1331
6;2023-10-17 16:39:05;0;0;186
6;2023-10-17 16:39:24;0;0;189
6;2023-10-17 16:39:43;0;0;191
6;2023-10-17 16:40:03;0;0;193
6;2023-10-18 10:52:07;0;0;238
6;2023-10-18 15:41:01;0;0;266
6;2023-10-18 15:41:17;0;0;267
6;2023-10-18 15:46:13;0;0;285
6;2023-10-18 15:49:53;0;0;293
6;2023-10-18 16:13:53;0;0;326
6;2023-10-18 16:14:22;0;0;328
6;2023-10-18 17:44:09;0;0;390
6;2023-10-18 17:45:38;0;0;393
6;2023-10-19 17:34:21;0;0;416
6;2023-10-19 18:28:04;0;0;434
6;2024-11-07 15:35:12;0;0;670
6;2024-11-08 08:37:52;0;0;673
6;2024-11-08 08:57:53;0;0;675
6;2024-11-08 15:21:05;0;0;680
6;2024-11-08 15:21:11;0;0;681
6;2024-11-09 10:52:23;0;0;727
6;2024-11-11 15:48:19;0;0;770
6;2024-11-11 15:48:26;0;0;771
6;2024-11-11 17:17:09;0;0;837
6;2024-11-25 16:03:16;0;0;982
6;2024-11-25 16:23:46;0;0;985
6;2024-11-27 14:40:51;0;0;1014
6;2024-12-05 11:11:11;0;0;1024
6;2025-11-24 08:40:28;0;0;1285
7;2023-10-17 16:39:24;0;0;188
7;2023-10-17 16:40:27;0;0;195
7;2023-10-17 16:40:37;0;0;196
7;2023-10-17 16:40:44;0;0;197
7;2023-10-18 10:53:48;0;0;239
7;2023-10-18 15:41:20;0;0;268
7;2023-10-18 15:41:35;0;0;270
7;2023-10-18 15:46:32;0;0;286
7;2023-10-18 15:50:12;0;0;294
7;2023-10-18 16:14:11;0;0;327
7;2023-10-18 16:14:40;0;0;329
7;2023-10-18 17:44:27;0;0;391
7;2023-10-18 17:45:56;0;0;395
7;2023-10-19 17:34:39;0;0;417
7;2023-10-19 18:28:22;0;0;435
7;2024-11-04 15:43:16;0;0;632
7;2024-11-04 15:43:19;0;0;633
7;2024-11-04 15:48:46;0;0;636
7;2024-11-04 15:49:14;0;0;637
7;2024-11-05 12:10:54;0;0;655
7;2024-11-05 12:10:57;0;0;656
7;2024-11-05 12:12:19;0;0;659
7;2024-11-05 12:12:44;0;0;660
7;2024-11-09 11:22:33;0;0;741
7;2024-11-09 11:22:36;0;0;742
7;2024-11-09 11:22:39;0;0;743
7;2024-11-09 11:24:03;0;0;747
7;2024-11-09 11:24:26;0;0;748
7;2024-11-09 11:24:48;0;0;750
7;2024-11-09 11:45:58;0;0;753
7;2024-11-09 11:46:01;0;0;754
7;2024-11-09 11:47:08;0;0;757
7;2024-11-09 11:47:15;0;0;758
7;2024-11-09 11:47:32;0;0;759
7;2024-11-09 11:48:16;0;0;763
7;2024-11-11 16:16:54;0;0;786
7;2024-11-11 16:16:57;0;0;787
7;2024-11-11 16:17:00;0;0;788
7;2024-11-11 16:18:05;0;0;792
7;2024-11-11 16:18:32;0;0;793
7;2024-11-11 16:19:02;0;0;795
7;2024-11-11 16:19:43;0;0;798
7;2024-11-11 16:20:54;0;0;800
7;2024-11-11 16:33:57;0;0;806
7;2024-11-11 16:51:44;0;0;810
7;2024-11-11 17:21:34;0;0;839
7;2024-11-11 17:22:45;0;0;841
7;2024-11-11 17:22:50;0;0;842
7;2024-11-11 17:22:53;0;0;843
7;2024-11-11 17:22:56;0;0;844
7;2024-11-11 17:23:58;0;0;848
7;2024-11-11 17:24:24;0;0;850
7;2024-11-11 17:24:47;0;0;851
7;2024-11-13 09:19:01;0;0;866
7;2024-11-13 09:20:10;0;0;870
7;2024-11-13 09:32:56;0;0;877
7;2024-11-13 09:32:59;0;0;878
7;2024-11-13 09:33:02;0;0;879
7;2024-11-13 09:34:35;0;0;883
7;2024-11-13 09:35:02;0;0;884
7;2024-11-13 09:37:00;0;0;890
7;2024-11-13 10:25:29;0;0;913
7;2024-11-13 10:25:32;0;0;914
7;2024-11-13 10:27:22;0;0;917
7;2024-11-13 10:27:49;0;0;918
7;2024-11-13 10:52:01;0;0;937
7;2024-11-13 10:54:17;0;0;939
7;2024-11-13 10:55:06;0;0;941
7;2024-11-13 10:56:39;0;0;944
7;2024-11-13 11:22:10;0;0;959
7;2024-11-13 11:23:28;0;0;961
7;2024-11-26 09:05:22;0;0;993
7;2024-11-26 09:07:21;0;0;995
7;2024-11-27 14:00:16;0;0;997
7;2024-11-27 14:01:31;0;0;999
7;2024-11-27 14:14:09;0;0;1001
7;2024-11-27 14:15:21;0;0;1003
7;2024-11-27 14:26:46;0;0;1005
7;2024-11-27 14:28:33;0;0;1007
7;2024-11-27 14:33:36;0;0;1009
7;2024-11-27 14:35:09;0;0;1011
7;2025-03-20 13:20:30;0;0;1079
7;2025-03-20 13:22:17;0;0;1081
7;2025-03-21 11:36:46;0;0;1083
7;2025-03-21 11:38:15;0;0;1085
7;2025-03-21 11:55:17;0;0;1087
7;2025-03-21 11:55:20;0;0;1088
7;2025-03-21 11:55:23;0;0;1089
7;2025-03-21 11:55:26;0;0;1090
7;2025-03-21 11:56:23;0;0;1093
7;2025-03-21 11:56:26;0;0;1095
7;2025-03-21 11:56:30;0;0;1096
7;2025-03-21 11:56:33;0;0;1097
7;2025-03-21 11:56:33;0;0;1098
7;2025-03-21 11:57:01;0;0;1100
7;2025-03-21 11:57:29;0;0;1103
7;2025-03-21 11:57:55;0;0;1105
7;2025-03-21 11:58:23;0;0;1108
7;2025-03-21 11:59:11;0;0;1112
7;2025-03-21 11:59:44;0;0;1115
7;2025-03-21 12:00:20;0;0;1117
7;2025-03-21 14:08:20;0;0;1119
7;2025-03-21 14:08:23;0;0;1120
7;2025-03-21 14:08:26;0;0;1121
7;2025-03-21 14:08:29;0;0;1122
7;2025-03-21 14:11:48;0;0;1133
7;2025-03-21 14:13:18;0;0;1144
7;2025-03-21 14:13:42;0;0;1145
7;2025-03-21 14:14:16;0;0;1146
7;2025-03-21 14:43:49;0;0;1147
7;2025-03-21 14:43:52;0;0;1148
7;2025-03-21 14:47:42;0;0;1159
7;2025-03-21 14:48:20;0;0;1160
7;2025-03-26 10:50:28;0;0;1161
7;2025-03-26 11:07:03;0;0;1177
7;2025-03-26 11:29:01;0;0;1178
7;2025-03-26 11:32:06;0;0;1184
7;2025-03-26 11:39:58;0;0;1185
7;2025-03-26 11:47:03;0;0;1191
7;2025-06-12 18:17:50;0;0;1192
7;2025-06-12 19:23:35;0;0;1222
7;2025-06-26 16:06:58;0;0;1242
7;2025-06-26 16:18:46;0;0;1244
7;2025-06-26 16:42:12;0;0;1245
7;2025-06-26 16:53:45;0;0;1246
8;2023-10-16 09:32:31;0;0;30
8;2023-10-16 09:32:52;0;0;31
8;2023-10-16 10:36:46;0;0;32
8;2023-10-16 10:41:00;0;0;33
8;2023-10-16 10:58:18;0;0;34
8;2023-10-16 16:24:07;0;0;41
8;2023-10-16 16:38:42;0;0;42
8;2023-10-16 16:39:48;0;0;44
8;2023-10-16 16:41:02;0;0;46
8;2023-10-16 16:48:57;0;0;54
8;2023-10-16 16:51:39;0;0;55
8;2023-10-16 16:52:36;0;0;56
8;2023-10-16 17:01:00;0;0;59
8;2023-10-16 17:08:03;0;0;67
8;2023-10-16 17:09:26;0;0;68
8;2023-10-16 17:09:56;0;0;69
8;2023-10-16 17:10:25;0;0;71
8;2023-10-16 17:38:39;0;0;84
8;2023-10-16 17:39:23;0;0;85
8;2023-10-16 17:39:57;0;0;86
8;2023-10-16 17:40:26;0;0;88
8;2023-10-16 17:41:22;0;0;91
8;2023-10-16 17:52:05;0;0;101
8;2023-10-16 17:54:39;0;0;102
8;2023-10-16 17:55:09;0;0;103
8;2023-10-16 17:55:39;0;0;105
8;2023-10-16 17:56:07;0;0;106
8;2023-10-16 18:00:30;0;0;114
8;2023-10-16 18:01:22;0;0;115
8;2023-10-16 18:01:51;0;0;116
8;2023-10-16 18:02:39;0;0;117
8;2023-10-16 18:03:08;0;0;118
8;2023-10-16 18:05:56;0;0;120
8;2023-10-16 18:08:06;0;0;124
8;2023-10-16 18:08:35;0;0;125
8;2023-10-16 18:09:03;0;0;127
8;2023-10-16 18:10:14;0;0;130
8;2023-10-16 18:18:04;0;0;132
8;2023-10-16 18:20:45;0;0;137
8;2023-10-16 18:21:13;0;0;138
8;2023-10-16 18:21:43;0;0;139
8;2023-10-16 18:22:29;0;0;140
8;2023-10-17 08:04:22;0;0;152
8;2023-10-18 10:25:51;0;0;217
8;2023-10-18 10:26:45;0;0;218
8;2023-10-18 10:27:14;0;0;219
8;2023-10-18 10:27:41;0;0;221
8;2023-10-18 10:30:46;0;0;230
8;2023-10-18 10:48:38;0;0;234
8;2023-10-18 10:50:33;0;0;236
8;2023-10-18 10:54:36;0;0;240
8;2023-10-18 15:33:04;0;0;254
8;2023-10-18 15:41:20;0;0;269
8;2023-10-18 15:42:08;0;0;272
8;2023-10-18 15:42:38;0;0;275
8;2023-10-18 15:43:09;0;0;279
8;2023-10-18 15:54:37;0;0;307
8;2023-10-18 15:57:09;0;0;317
8;2023-10-18 16:12:19;0;0;324
8;2023-10-18 16:12:48;0;0;325
8;2023-10-18 16:15:03;0;0;330
8;2023-10-18 16:15:32;0;0;331
8;2023-10-18 16:30:21;0;0;336
8;2023-10-18 16:31:31;0;0;341
8;2023-10-18 16:32:08;0;0;343
8;2023-10-18 16:32:36;0;0;346
8;2023-10-18 16:33:04;0;0;349
8;2023-10-18 16:35:24;0;0;355
8;2023-10-18 16:35:57;0;0;356
8;2023-10-18 16:36:05;0;0;358
8;2023-10-18 16:37:05;0;0;360
8;2023-10-18 16:38:00;0;0;362
8;2023-10-18 16:38:28;0;0;363
8;2023-10-18 17:29:47;0;0;370
8;2023-10-18 17:32:07;0;0;373
8;2023-10-18 17:42:35;0;0;387
8;2023-10-18 17:44:04;0;0;389
8;2023-10-18 17:45:18;0;0;392
8;2023-10-18 17:46:49;0;0;396
8;2023-10-19 13:04:13;0;0;402
8;2024-11-06 13:45:02;0;0;663
8;2024-11-06 14:03:40;0;0;664
8;2024-11-06 14:04:01;0;0;665
8;2024-11-11 16:49:17;0;0;808
8;2024-11-13 09:17:17;0;0;860
8;2024-11-13 09:17:18;0;0;861
8;2024-11-13 09:17:18;0;0;862
8;2024-11-13 09:17:53;0;0;863
8;2024-11-13 10:46:29;0;0;935
8;2024-11-13 10:49:22;0;0;936
8;2024-11-13 11:19:29;0;0;958
9;2023-10-09 16:59:43;0;0;5
9;2023-10-16 17:25:37;0;0;76
9;2023-10-16 18:25:31;0;0;142
9;2023-10-18 08:44:10;0;0;202
9;2023-10-18 08:57:32;0;0;209
9;2023-10-18 15:53:23;0;0;304
9;2023-10-18 17:34:41;0;0;382
11;2023-10-10 13:30:04;0;0;7
11;2023-10-10 13:30:08;0;0;8
11;2023-10-10 13:30:11;0;0;9
11;2023-10-10 13:30:13;0;0;10
11;2023-10-10 13:30:16;0;0;11
11;2023-10-12 09:04:02;0;0;27
