ONo;OPos;PlannedStart;PlannedEnd;Start;End;WPNo;StepNo;MainOPos;State;ResourceID;OpNo;WONo;PNo;subOrderBlocked;Error;OrderPNo
1000;1;2017-01-19 07:49:00;2017-01-19 07:49:00;2017-01-19 08:30:00;2017-01-19 09:05:00;9000;0;0;100;0;0;0;0;0;0;0
1001;1;2016-04-19 07:47:00;2016-04-19 07:47:00;2016-04-19 08:30:00;2016-04-19 09:05:00;9000;0;0;100;0;0;0;0;0;0;0
1002;1;2016-02-02 03:23:00;2016-02-02 03:23:00;2016-02-02 03:30:00;2016-02-02 03:45:00;9000;0;0;100;0;0;0;0;0;0;0
1003;1;2016-10-28 14:04:00;2016-10-28 14:04:00;2016-10-28 14:30:00;2016-10-28 14:50:00;9000;0;0;100;0;0;0;0;0;0;0
1004;1;2017-01-12 10:36:00;2017-01-12 10:36:00;2017-01-12 11:00:00;2017-01-12 13:00:00;9000;0;0;100;0;0;0;0;0;0;0
1005;1;2016-07-30 06:11:00;2016-07-30 06:11:00;2016-07-30 06:30:00;2016-07-30 07:10:00;9000;0;0;100;0;0;0;0;0;0;0
1006;1;2017-06-24 16:51:00;2017-06-24 16:51:00;2017-06-24 17:00:00;2017-06-24 17:50:00;9000;0;0;100;0;0;0;0;0;0;0
1007;1;2016-06-24 16:42:00;2016-06-24 16:42:00;2016-06-24 17:00:00;2016-06-24 17:20:00;9000;0;0;100;0;0;0;0;0;0;0
1008;1;2016-03-04 21:33:00;2016-03-04 21:33:00;2016-03-04 22:00:00;2016-03-04 22:25:00;9000;0;0;100;0;0;0;0;0;0;0
1009;1;2016-04-02 10:19:00;2016-04-02 10:19:00;2016-04-02 11:00:00;2016-04-02 13:00:00;9000;0;0;100;0;0;0;0;0;0;0
1010;1;2017-05-09 09:13:00;2017-05-09 09:13:00;2017-05-09 09:30:00;2017-05-09 10:05:00;9000;0;0;100;0;0;0;0;0;0;0
1011;1;2016-10-15 06:56:00;2016-10-15 06:56:00;2016-10-15 07:00:00;2016-10-15 07:45:00;9000;0;0;100;0;0;0;0;0;0;0
1012;1;2016-03-04 14:19:00;2016-03-04 14:19:00;2016-03-04 14:45:00;2016-03-04 15:50:00;9000;0;0;100;0;0;0;0;0;0;0
1013;1;2016-02-28 14:04:00;2016-02-28 14:04:00;2016-02-28 14:30:00;2016-02-28 14:50:00;9000;0;0;100;0;0;0;0;0;0;0
1014;1;2016-03-31 09:54:00;2016-03-31 09:54:00;2016-03-31 10:00:00;2016-03-31 10:30:00;9000;0;0;100;0;0;0;0;0;0;0
1015;1;2016-07-09 09:05:00;2016-07-09 09:05:00;2016-07-09 09:30:00;2016-07-09 09:45:00;9000;0;0;100;0;0;0;0;0;0;0
1016;1;2017-02-28 00:26:00;2017-02-28 00:26:00;2017-02-28 01:00:00;2017-02-28 01:50:00;9000;0;0;100;0;0;0;0;0;0;0
1017;1;2016-06-18 05:02:00;2016-06-18 05:02:00;2016-06-18 05:30:00;2016-06-18 07:00:00;9000;0;0;100;0;0;0;0;0;0;0
1018;1;2016-02-15 06:57:00;2016-02-15 06:57:00;2016-02-15 07:00:00;2016-02-15 07:45:00;9000;0;0;100;0;0;0;0;0;0;0
1019;1;2016-06-09 09:26:00;2016-06-09 09:26:00;2016-06-09 09:30:00;2016-06-09 10:05:00;9000;0;0;100;0;0;0;0;0;0;0
1020;1;2016-09-25 22:54:00;2016-09-25 22:54:00;2016-09-25 23:30:00;2016-09-26 00:10:00;9000;0;0;100;0;0;0;0;0;0;0
1021;1;2017-04-02 12:20:00;2017-04-02 12:20:00;2017-04-02 12:30:00;2017-04-02 13:10:00;9000;0;0;100;0;0;0;0;0;0;0
1022;1;2017-02-12 18:42:00;2017-02-12 18:42:00;2017-02-12 19:00:00;2017-02-12 20:20:00;9000;0;0;100;0;0;0;0;0;0;0
1023;1;2017-03-30 03:33:00;2017-03-30 03:33:00;2017-03-30 04:00:00;2017-03-30 05:00:00;9000;0;0;100;0;0;0;0;0;0;0
1024;1;2017-01-10 09:32:00;2017-01-10 09:32:00;2017-01-10 10:00:00;2017-01-10 11:30:00;9000;0;0;100;0;0;0;0;0;0;0
1025;1;2016-09-10 07:23:00;2016-09-10 07:23:00;2016-09-10 07:45:00;2016-09-10 08:45:00;9000;0;0;100;0;0;0;0;0;0;0
1026;1;2017-02-02 04:44:00;2017-02-02 04:44:00;2017-02-02 05:00:00;2017-02-02 05:10:00;9000;0;0;100;0;0;0;0;0;0;0
1027;1;2016-05-29 00:54:00;2016-05-29 00:54:00;2016-05-29 01:00:00;2016-05-29 01:50:00;9000;0;0;100;0;0;0;0;0;0;0
1028;1;2016-03-03 05:44:00;2016-03-03 05:44:00;2016-03-03 06:00:00;2016-03-03 06:10:00;9000;0;0;100;0;0;0;0;0;0;0
1029;1;2016-12-04 14:17:00;2016-12-04 14:17:00;2016-12-04 14:45:00;2016-12-04 15:50:00;9000;0;0;100;0;0;0;0;0;0;0
1030;1;2016-10-02 03:22:00;2016-10-02 03:22:00;2016-10-02 03:30:00;2016-10-02 03:45:00;9000;0;0;100;0;0;0;0;0;0;0
1031;1;2016-07-24 16:32:00;2016-07-24 16:32:00;2016-07-24 17:00:00;2016-07-24 17:50:00;9000;0;0;100;0;0;0;0;0;0;0
1032;1;2017-08-30 06:03:00;2017-08-30 06:03:00;2017-08-30 06:30:00;2017-08-30 07:10:00;9000;0;0;100;0;0;0;0;0;0;0
1033;1;2016-06-02 12:28:00;2016-06-02 12:28:00;2016-06-02 12:30:00;2016-06-02 13:10:00;9000;0;0;100;0;0;0;0;0;0;0
1034;1;2016-05-30 03:25:00;2016-05-30 03:25:00;2016-05-30 04:00:00;2016-05-30 05:00:00;9000;0;0;100;0;0;0;0;0;0;0
1035;1;2016-05-12 18:32:00;2016-05-12 18:32:00;2016-05-12 19:00:00;2016-05-12 20:20:00;9000;0;0;100;0;0;0;0;0;0;0
1036;1;2016-01-10 07:02:00;2016-01-10 07:02:00;2016-01-10 07:45:00;2016-01-10 08:05:00;9000;0;0;100;0;0;0;0;0;0;0
1037;1;2016-05-02 04:46:00;2016-05-02 04:46:00;2016-05-02 05:00:00;2016-05-02 05:20:00;9000;0;0;100;0;0;0;0;0;0;0
1038;1;2016-12-03 05:49:00;2016-12-03 05:49:00;2016-12-03 06:00:00;2016-12-03 07:10:00;9000;0;0;100;0;0;0;0;0;0;0
1039;1;2016-06-30 05:50:00;2016-06-30 05:50:00;2016-06-30 06:30:00;2016-06-30 07:10:00;9000;0;0;100;0;0;0;0;0;0;0
1040;1;2016-12-04 21:37:00;2016-12-04 21:37:00;2016-12-04 22:00:00;2016-12-04 22:25:00;9000;0;0;100;0;0;0;0;0;0;0
1041;1;2016-01-25 23:02:00;2016-01-25 23:02:00;2016-01-25 23:30:00;2016-01-26 00:10:00;9000;0;0;100;0;0;0;0;0;0;0
1042;1;2016-07-29 22:43:00;2016-07-29 22:43:00;2016-07-29 23:00:00;2016-07-29 23:35:00;9000;0;0;100;0;0;0;0;0;0;0
1043;1;2017-06-29 22:58:00;2017-06-29 22:58:00;2017-06-29 23:00:00;2017-06-29 23:15:00;9000;0;0;100;0;0;0;0;0;0;0
1044;1;2016-07-18 04:57:00;2016-07-18 04:57:00;2016-07-18 05:30:00;2016-07-18 07:00:00;9000;0;0;100;0;0;0;0;0;0;0
1045;1;2017-05-18 05:21:00;2017-05-18 05:21:00;2017-05-18 05:30:00;2017-05-18 07:00:00;9000;0;0;100;0;0;0;0;0;0;0
1046;1;2016-01-13 17:23:00;2016-01-13 17:23:00;2016-01-13 17:30:00;2016-01-13 18:35:00;9000;0;0;100;0;0;0;0;0;0;0
1047;1;2016-09-13 17:13:00;2016-09-13 17:13:00;2016-09-13 17:30:00;2016-09-13 18:35:00;9000;0;0;100;0;0;0;0;0;0;0
1048;1;2017-07-30 05:50:00;2017-07-30 05:50:00;2017-07-30 06:30:00;2017-07-30 07:10:00;9000;0;0;100;0;0;0;0;0;0;0
1049;1;2016-07-02 11:55:00;2016-07-02 11:55:00;2016-07-02 12:30:00;2016-07-02 13:10:00;9000;0;0;100;0;0;0;0;0;0;0
1050;1;2016-06-29 22:29:00;2016-06-29 22:29:00;2016-06-29 23:00:00;2016-06-29 23:35:00;9000;0;0;100;0;0;0;0;0;0;0
2007;1;2023-10-09 16:56:07;2023-10-09 16:56:23;2023-10-09 16:58:12;2023-10-09 16:59:43;1;0;0;100;0;0;0;1;0;0;1
2007;101;2023-10-09 16:56:08;2023-10-09 16:56:38;2023-10-09 16:58:12;2023-10-09 16:58:49;11;0;1;100;0;0;0;0;0;0;0
2024;1;2020-11-02 16:01:19;2020-11-02 16:01:19;2020-11-02 16:01:28;2020-11-02 16:02:59;9000;0;0;100;0;0;0;0;0;0;0
2044;1;2023-10-10 17:58:27;2023-10-10 17:58:28;NULL;2023-10-10 17:59:10;1;0;0;100;0;0;0;1;0;0;1
2046;1;2023-10-10 18:25:52;2023-10-10 18:26:48;2023-10-10 18:27:08;2023-10-10 18:32:25;1;0;0;100;0;0;0;1;0;0;1
2046;101;2023-10-10 18:25:53;2023-10-10 18:26:23;2023-10-10 18:27:08;2023-10-10 18:28:29;9;0;1;100;0;0;0;0;0;0;0
2046;102;2023-10-10 18:26:13;2023-10-10 18:26:43;2023-10-10 18:28:44;2023-10-10 18:29:15;9;0;1;100;0;0;0;0;0;0;0
2046;103;2023-10-10 18:26:33;2023-10-10 18:27:03;2023-10-10 18:29:28;2023-10-10 18:29:50;9;0;1;100;0;0;0;0;0;0;0
2047;1;2023-10-12 09:03:01;2023-10-12 09:03:05;NULL;2023-10-12 09:04:11;6002;0;0;100;0;0;0;6002;0;0;6002
2049;1;2020-11-05 10:56:44;2020-11-05 10:56:44;2020-11-05 13:46:42;2020-11-05 14:12:01;9000;0;0;100;0;0;0;0;0;0;0
2050;1;2023-10-12 11:02:33;2023-10-12 11:02:33;NULL;2023-10-12 11:02:47;3;0;0;100;0;0;0;3;0;0;3
2051;1;2023-10-12 11:03:17;2023-10-12 11:03:17;NULL;2023-10-12 11:03:28;3;0;0;100;0;0;0;3;0;0;3
2052;1;2023-10-12 11:03:32;2023-10-12 11:03:33;NULL;2023-10-12 11:04:34;3;0;0;100;0;0;0;3;0;0;3
2062;1;2023-10-16 09:31:51;2023-10-16 09:31:51;2023-10-16 09:32:24;2023-10-16 09:32:31;9000;0;0;100;0;0;0;0;0;0;0
2063;1;2023-10-16 09:31:57;2023-10-16 09:31:57;2023-10-16 09:32:45;2023-10-16 09:32:52;9000;0;0;100;0;0;0;0;0;0;0
2064;1;2023-10-16 10:36:19;2023-10-16 10:36:19;2023-10-16 10:36:39;2023-10-16 10:36:46;9000;0;0;100;0;0;0;0;0;0;0
2065;1;2023-10-16 10:38:25;2023-10-16 10:38:25;2023-10-16 10:40:48;2023-10-16 10:41:00;9000;0;0;100;0;0;0;0;0;0;0
2073;1;2023-10-16 10:57:00;2023-10-16 10:57:00;2023-10-16 10:58:12;2023-10-16 10:58:18;9000;0;0;100;0;0;0;0;0;0;0
2074;1;2023-10-16 15:20:07;2023-10-16 15:20:57;2023-10-16 16:17:58;2023-10-16 16:41:46;5000;0;0;100;0;0;0;5000;0;0;5000
2074;2;2023-10-16 15:20:27;2023-10-16 15:21:17;2023-10-16 16:18:19;2023-10-16 16:40:34;5000;0;0;100;0;0;0;5000;0;0;5000
2074;3;2023-10-16 15:20:47;2023-10-16 15:21:37;2023-10-16 16:18:37;2023-10-16 16:39:26;5000;0;0;100;0;0;0;5000;0;0;5000
2076;1;2023-10-16 16:07:43;2023-10-16 16:07:51;2023-10-16 16:19:28;2023-10-16 16:24:07;2;0;0;100;0;0;0;2;0;0;2
2076;101;2023-10-16 16:18:06;2023-10-16 16:18:06;2023-10-16 16:19:28;2023-10-16 16:19:39;10;0;1;100;0;0;0;0;0;0;0
2076;102;2023-10-16 16:18:06;2023-10-16 16:18:06;2023-10-16 16:19:28;2023-10-16 16:19:39;10;0;1;100;0;0;0;0;0;0;0
2076;103;2023-10-16 16:18:06;2023-10-16 16:18:06;2023-10-16 16:19:28;2023-10-16 16:19:39;10;0;1;100;0;0;0;0;0;0;0
2077;1;2023-10-16 16:18:06;2023-10-16 16:18:56;2023-10-16 16:45:33;2023-10-16 17:00:18;5000;0;0;99;0;0;0;5000;0;1;5000
2077;2;2023-10-16 16:18:26;2023-10-16 16:19:16;2023-10-16 16:45:57;2023-10-16 17:01:47;5000;0;0;100;0;0;0;5000;0;0;5000
2077;3;2023-10-16 16:18:46;2023-10-16 16:19:36;2023-10-16 16:46:17;2023-10-16 17:00:44;5000;0;0;100;0;0;0;5000;0;0;5000
2078;1;2023-10-16 16:44:40;2023-10-16 16:44:48;2023-10-16 16:46:09;2023-10-16 16:48:57;2;0;0;100;0;0;0;2;0;0;2
2078;101;2023-10-16 16:44:53;2023-10-16 16:44:53;2023-10-16 16:46:09;2023-10-16 16:46:10;10;0;1;100;0;0;0;0;0;0;0
2078;102;2023-10-16 16:44:53;2023-10-16 16:44:53;2023-10-16 16:46:09;2023-10-16 16:46:10;10;0;1;100;0;0;0;0;0;0;0
2078;103;2023-10-16 16:44:53;2023-10-16 16:44:53;2023-10-16 16:46:09;2023-10-16 16:46:10;10;0;1;100;0;0;0;0;0;0;0
2079;1;2023-10-16 16:54:22;2023-10-16 16:55:12;2023-10-16 17:02:42;2023-10-16 17:10:11;5000;0;0;100;0;0;0;5000;0;0;5000
2079;2;2023-10-16 16:54:42;2023-10-16 16:55:32;2023-10-16 17:03:02;2023-10-16 17:11:14;5000;0;0;100;0;0;0;5000;0;0;5000
2079;3;2023-10-16 16:55:02;2023-10-16 16:55:52;2023-10-16 17:03:24;2023-10-16 17:10:48;5000;0;0;100;0;0;0;5000;0;0;5000
2080;1;2023-10-16 17:02:41;2023-10-16 17:02:49;2023-10-16 17:05:55;2023-10-16 17:08:03;2;0;0;100;0;0;0;2;0;0;2
2080;101;2023-10-16 17:02:55;2023-10-16 17:02:55;2023-10-16 17:05:55;2023-10-16 17:07:07;10;0;1;100;0;0;0;0;0;0;0
2080;102;2023-10-16 17:02:55;2023-10-16 17:02:55;2023-10-16 17:07:13;2023-10-16 17:07:14;10;0;1;100;0;0;0;0;0;0;0
2080;103;2023-10-16 17:02:55;2023-10-16 17:02:55;2023-10-16 17:06:56;2023-10-16 17:06:59;10;0;1;100;0;0;0;0;0;0;0
2082;1;2023-10-16 17:17:54;2023-10-16 17:18:09;NULL;2023-10-16 17:25:37;6000;0;0;100;0;0;0;6000;0;0;6000
2083;1;2023-10-16 17:24:49;2023-10-16 17:25:39;2023-10-16 17:25:14;2023-10-16 17:40:08;5000;0;0;100;0;0;0;5000;0;0;5000
2083;2;2023-10-16 17:25:09;2023-10-16 17:25:59;2023-10-16 17:25:35;2023-10-16 17:42:10;5000;0;0;100;0;0;0;5000;0;0;5000
2083;3;2023-10-16 17:25:29;2023-10-16 17:26:19;2023-10-16 17:25:56;2023-10-16 17:40:45;5000;0;0;100;0;0;0;5000;0;0;5000
2083;4;2023-10-16 17:25:49;2023-10-16 17:26:39;2023-10-16 17:26:19;2023-10-16 17:41:13;5000;0;0;100;0;0;0;5000;0;0;5000
2084;1;2023-10-16 17:26:09;2023-10-16 17:26:21;2023-10-16 17:29:56;2023-10-16 17:38:39;2;0;0;100;0;0;0;2;0;0;2
2084;101;2023-10-16 17:25:26;2023-10-16 17:25:26;2023-10-16 17:29:56;2023-10-16 17:37:35;10;0;1;100;0;0;0;0;0;0;0
2084;102;2023-10-16 17:25:26;2023-10-16 17:25:26;2023-10-16 17:29:56;2023-10-16 17:37:35;10;0;1;100;0;0;0;0;0;0;0
2084;103;2023-10-16 17:25:26;2023-10-16 17:25:26;2023-10-16 17:29:56;2023-10-16 17:37:35;10;0;1;100;0;0;0;0;0;0;0
2084;104;2023-10-16 17:25:26;2023-10-16 17:25:26;2023-10-16 17:29:56;2023-10-16 17:37:35;10;0;1;100;0;0;0;0;0;0;0
2085;1;2023-10-16 17:43:16;2023-10-16 17:44:06;2023-10-16 17:43:26;2023-10-16 17:56:14;5000;0;0;100;0;0;0;5000;0;0;5000
2085;2;2023-10-16 17:43:36;2023-10-16 17:44:26;2023-10-16 17:43:57;2023-10-16 17:55:26;5000;0;0;100;0;0;0;5000;0;0;5000
2085;3;2023-10-16 17:43:56;2023-10-16 17:44:46;2023-10-16 17:44:20;2023-10-16 17:56:57;5000;0;0;100;0;0;0;5000;0;0;5000
2085;4;2023-10-16 17:44:16;2023-10-16 17:45:06;2023-10-16 17:44:40;2023-10-16 17:56:36;5000;0;0;100;0;0;0;5000;0;0;5000
2086;1;2023-10-16 17:44:36;2023-10-16 17:44:48;2023-10-16 17:51:08;2023-10-16 17:52:05;2;0;0;100;0;0;0;2;0;0;2
2086;101;2023-10-16 17:43:40;2023-10-16 17:43:40;2023-10-16 17:51:08;2023-10-16 17:51:09;10;0;1;100;0;0;0;0;0;0;0
2086;102;2023-10-16 17:43:40;2023-10-16 17:43:40;2023-10-16 17:51:08;2023-10-16 17:51:09;10;0;1;100;0;0;0;0;0;0;0
2086;103;2023-10-16 17:43:40;2023-10-16 17:43:40;2023-10-16 17:51:08;2023-10-16 17:51:09;10;0;1;100;0;0;0;0;0;0;0
2086;104;2023-10-16 17:43:40;2023-10-16 17:43:40;2023-10-16 17:51:08;2023-10-16 17:51:09;10;0;1;100;0;0;0;0;0;0;0
2087;1;2023-10-16 17:57:44;2023-10-16 17:58:14;2023-10-16 17:58:01;2023-10-16 18:02:39;5001;0;0;100;0;0;0;5001;0;0;5001
2087;2;2023-10-16 17:58:04;2023-10-16 17:58:34;2023-10-16 17:58:23;2023-10-16 18:03:08;5001;0;0;100;0;0;0;5001;0;0;5001
2087;3;2023-10-16 17:58:24;2023-10-16 17:58:54;2023-10-16 17:58:45;2023-10-16 18:01:22;5001;0;0;100;0;0;0;5001;0;0;5001
2087;4;2023-10-16 17:58:44;2023-10-16 17:59:14;2023-10-16 17:59:07;2023-10-16 18:01:51;5001;0;0;100;0;0;0;5001;0;0;5001
2088;1;2023-10-16 17:59:04;2023-10-16 17:59:05;NULL;2023-10-16 18:00:30;3;0;0;100;0;0;0;3;0;0;3
2089;1;2023-10-16 18:04:50;2023-10-16 18:05:13;2023-10-16 18:05:25;2023-10-16 18:08:37;5001;0;0;100;0;0;0;5001;0;0;5001
2089;2;2023-10-16 18:04:52;2023-10-16 18:05:15;2023-10-16 18:05:48;2023-10-16 18:09:08;5001;0;0;100;0;0;0;5001;0;0;5001
2089;3;2023-10-16 18:04:54;2023-10-16 18:05:17;2023-10-16 18:06:11;2023-10-16 18:09:43;5001;0;0;100;0;0;0;5001;0;0;5001
2089;4;2023-10-16 18:04:56;2023-10-16 18:05:19;2023-10-16 18:06:31;2023-10-16 18:10:47;5001;0;0;100;0;0;0;5001;0;0;5001
2090;1;2023-10-16 18:04:58;2023-10-16 18:04:59;NULL;2023-10-16 18:05:56;3;0;0;100;0;0;0;3;0;0;3
2091;1;2023-10-16 18:11:36;2023-10-16 18:12:52;2023-10-16 18:18:07;2023-10-16 18:25:31;1;0;0;100;0;0;0;1;0;0;1
2091;101;2023-10-16 18:12:47;2023-10-16 18:13:17;2023-10-16 18:18:46;2023-10-16 18:21:43;9;0;1;100;0;0;0;0;0;0;0
2091;102;2023-10-16 18:11:57;2023-10-16 18:12:27;2023-10-16 18:18:07;2023-10-16 18:20:45;9;0;1;100;0;0;0;0;0;0;0
2091;103;2023-10-16 18:12:17;2023-10-16 18:12:47;2023-10-16 18:18:28;2023-10-16 18:21:13;9;0;1;100;0;0;0;0;0;0;0
2091;104;2023-10-16 18:13:05;2023-10-16 18:13:05;2023-10-16 18:19:05;2023-10-16 18:22:29;9;0;1;100;0;0;0;0;0;0;0
2093;1;2023-10-17 08:03:37;2023-10-17 08:03:37;2023-10-17 08:04:09;2023-10-17 08:04:22;9000;0;0;100;0;0;0;0;0;0;0
2094;1;2023-10-17 16:24:18;2023-10-17 16:26:40;2023-10-17 16:24:36;2023-10-17 16:29:37;214;0;0;100;0;0;0;214;0;0;214
2094;2;2023-10-17 16:24:38;2023-10-17 16:27:00;2023-10-17 16:24:57;2023-10-17 16:32:06;214;0;0;100;0;0;0;214;0;0;214
2094;3;2023-10-17 16:24:58;2023-10-17 16:27:20;2023-10-17 16:25:15;2023-10-17 16:34:18;214;0;0;100;0;0;0;214;0;0;214
2094;4;2023-10-17 16:25:18;2023-10-17 16:27:40;2023-10-17 16:25:33;2023-10-17 16:36:11;214;0;0;100;0;0;0;214;0;0;214
2095;1;2023-10-17 16:37:32;2023-10-17 16:38:31;2023-10-17 16:37:39;2023-10-17 16:40:15;1214;0;0;100;0;0;0;1214;0;0;1214
2095;2;2023-10-17 16:37:52;2023-10-17 16:38:51;2023-10-17 16:38:00;2023-10-17 16:41:18;1214;0;0;100;0;0;0;1214;0;0;1214
2095;3;2023-10-17 16:38:12;2023-10-17 16:39:11;2023-10-17 16:38:19;2023-10-17 16:41:36;1214;0;0;100;0;0;0;1214;0;0;1214
2095;4;2023-10-17 16:38:32;2023-10-17 16:39:31;2023-10-17 16:38:38;2023-10-17 16:41:55;1214;0;0;100;0;0;0;1214;0;0;1214
2096;1;2023-10-18 08:35:32;2023-10-18 08:35:47;NULL;2023-10-18 08:44:10;6000;0;0;100;0;0;0;6000;0;0;6000
2097;1;2023-10-18 08:41:17;2023-10-18 08:41:37;2023-10-18 08:56:28;2023-10-18 08:57:32;6002;0;0;100;0;0;0;6002;0;0;6002
2097;101;2023-10-18 08:41:37;2023-10-18 08:41:41;2023-10-18 08:56:28;2023-10-18 08:56:30;10;0;1;100;0;0;0;0;0;0;0
2097;102;2023-10-18 08:44:55;2023-10-18 08:44:55;2023-10-18 08:56:28;2023-10-18 08:56:30;10;0;1;100;0;0;0;0;0;0;0
2097;103;2023-10-18 08:44:55;2023-10-18 08:44:55;2023-10-18 08:56:28;2023-10-18 08:56:30;10;0;1;100;0;0;0;0;0;0;0
2097;104;2023-10-18 08:44:55;2023-10-18 08:44:55;2023-10-18 08:56:28;2023-10-18 08:56:30;10;0;1;100;0;0;0;0;0;0;0
2097;105;2023-10-18 08:44:55;2023-10-18 08:44:55;2023-10-18 08:56:28;2023-10-18 08:56:30;10;0;1;100;0;0;0;0;0;0;0
2097;106;2023-10-18 08:44:55;2023-10-18 08:44:55;2023-10-18 08:56:28;2023-10-18 08:56:30;10;0;1;100;0;0;0;0;0;0;0
2098;1;2023-10-18 09:03:11;2023-10-18 09:03:12;NULL;2023-10-18 09:05:55;4;0;0;100;0;0;0;4;0;0;4
2099;1;2023-10-18 10:19:41;2023-10-18 10:19:46;2023-10-18 10:20:05;2023-10-18 10:27:31;5000;0;0;100;0;0;0;5000;0;0;5000
2099;2;2023-10-18 10:19:43;2023-10-18 10:19:48;2023-10-18 10:20:27;2023-10-18 10:28:01;5000;0;0;100;0;0;0;5000;0;0;5000
2099;3;2023-10-18 10:19:45;2023-10-18 10:19:50;2023-10-18 10:20:49;2023-10-18 10:28:36;5000;0;0;100;0;0;0;5000;0;0;5000
2100;1;2023-10-18 10:21:31;2023-10-18 10:21:39;2023-10-18 10:25:05;2023-10-18 10:25:51;2;0;0;100;0;0;0;2;0;0;2
2100;101;2023-10-18 10:21:42;2023-10-18 10:21:42;2023-10-18 10:25:05;2023-10-18 10:25:06;10;0;1;100;0;0;0;0;0;0;0
2100;102;2023-10-18 10:21:42;2023-10-18 10:21:42;2023-10-18 10:25:05;2023-10-18 10:25:06;10;0;1;100;0;0;0;0;0;0;0
2100;103;2023-10-18 10:21:42;2023-10-18 10:21:42;2023-10-18 10:25:05;2023-10-18 10:25:06;10;0;1;100;0;0;0;0;0;0;0
2101;1;2023-10-18 10:27:55;2023-10-18 10:30:53;2023-10-18 10:29:32;2023-10-18 10:50:39;2000;0;0;100;0;0;0;2000;0;1;2000
2101;2;2023-10-18 10:28:15;2023-10-18 10:31:13;2023-10-18 10:29:53;2023-10-18 10:55:09;2000;0;0;100;0;0;0;2000;0;0;2000
2102;1;2023-10-18 10:28:35;2023-10-18 10:28:39;2023-10-18 10:29:44;2023-10-18 10:48:38;2;0;0;100;0;0;0;2;0;0;2
2102;101;2023-10-18 10:28:35;2023-10-18 10:28:39;2023-10-18 10:29:44;2023-10-18 10:29:45;10;0;1;100;0;0;0;0;0;0;0
2102;102;2023-10-18 10:28:39;2023-10-18 10:28:43;2023-10-18 10:29:44;2023-10-18 10:29:45;10;0;1;100;0;0;0;0;0;0;0
2103;1;2023-10-18 10:28:43;2023-10-18 10:28:44;NULL;2023-10-18 10:30:46;3;0;0;100;0;0;0;3;0;0;3
2106;1;2023-10-18 15:25:40;2023-10-18 15:28:02;2023-10-18 15:26:38;2023-10-18 15:39:09;214;0;0;100;0;0;0;214;0;0;214
2106;2;2023-10-18 15:26:00;2023-10-18 15:28:22;2023-10-18 15:26:59;2023-10-18 15:48:16;214;0;0;100;0;0;0;214;0;0;214
2106;3;2023-10-18 15:26:20;2023-10-18 15:28:42;2023-10-18 15:27:19;2023-10-18 15:39:31;214;0;0;100;0;0;0;214;0;0;214
2106;4;2023-10-18 15:26:40;2023-10-18 15:29:02;2023-10-18 15:27:41;2023-10-18 15:44:36;214;0;0;100;0;0;0;214;0;0;214
2107;1;2023-10-18 15:27:00;2023-10-18 15:27:59;2023-10-18 15:39:31;2023-10-18 15:42:11;1214;0;0;100;0;0;0;1214;0;0;1214
2107;2;2023-10-18 15:27:20;2023-10-18 15:28:19;2023-10-18 15:39:53;2023-10-18 15:42:29;1214;0;0;100;0;0;0;1214;0;0;1214
2107;3;2023-10-18 15:27:40;2023-10-18 15:28:39;2023-10-18 15:44:50;2023-10-18 15:47:24;1214;0;0;100;0;0;0;1214;0;0;1214
2107;4;2023-10-18 15:28:00;2023-10-18 15:28:59;2023-10-18 15:48:30;2023-10-18 15:51:04;1214;0;0;100;0;0;0;1214;0;0;1214
2108;1;2023-10-18 15:28:13;2023-10-18 15:28:14;NULL;2023-10-18 15:30:57;4;0;0;100;0;0;0;4;0;0;4
2109;1;2023-10-18 15:30:53;2023-10-18 15:31:16;2023-10-18 15:32:05;2023-10-18 15:41:52;5001;0;0;100;0;0;0;5001;0;0;5001
2109;2;2023-10-18 15:30:55;2023-10-18 15:31:18;2023-10-18 15:32:25;2023-10-18 15:42:48;5001;0;0;100;0;0;0;5001;0;0;5001
2109;3;2023-10-18 15:30:57;2023-10-18 15:31:20;2023-10-18 15:32:44;2023-10-18 15:43:10;5001;0;0;100;0;0;0;5001;0;0;5001
2109;4;2023-10-18 15:30:59;2023-10-18 15:31:22;2023-10-18 15:33:02;2023-10-18 15:43:40;5001;0;0;100;0;0;0;5001;0;0;5001
2110;1;2023-10-18 15:31:02;2023-10-18 15:31:03;NULL;2023-10-18 15:33:04;3;0;0;100;0;0;0;3;0;0;3
2111;1;2023-10-18 15:48:47;2023-10-18 15:48:59;2023-10-18 15:52:20;2023-10-18 15:53:23;6002;0;0;100;0;0;0;6002;0;0;6002
2111;101;2023-10-18 15:48:59;2023-10-18 15:49:03;2023-10-18 15:52:20;2023-10-18 15:52:25;10;0;1;100;0;0;0;0;0;0;0
2111;102;2023-10-18 15:50:52;2023-10-18 15:50:52;2023-10-18 15:52:20;2023-10-18 15:52:25;10;0;1;100;0;0;0;0;0;0;0
2111;103;2023-10-18 15:50:52;2023-10-18 15:50:52;2023-10-18 15:52:20;2023-10-18 15:52:25;10;0;1;100;0;0;0;0;0;0;0
2111;104;2023-10-18 15:50:52;2023-10-18 15:50:52;2023-10-18 15:52:20;2023-10-18 15:52:25;10;0;1;100;0;0;0;0;0;0;0
2112;1;2023-10-18 15:51:00;2023-10-18 15:53:22;2023-10-18 15:51:17;2023-10-18 15:55:27;214;0;0;100;0;0;0;214;0;0;214
2112;2;2023-10-18 15:51:20;2023-10-18 15:53:42;2023-10-18 15:51:37;2023-10-18 15:57:07;214;0;0;100;0;0;0;214;0;0;214
2113;1;2023-10-18 15:50:52;2023-10-18 15:53:50;2023-10-18 15:56:10;2023-10-18 16:15:35;2000;0;0;100;0;0;0;2000;0;0;2000
2113;2;2023-10-18 15:51:12;2023-10-18 15:54:10;2023-10-18 15:56:32;2023-10-18 16:16:08;2000;0;0;100;0;0;0;2000;0;0;2000
2115;1;2023-10-18 15:53:09;2023-10-18 15:53:10;NULL;2023-10-18 15:54:37;3;0;0;100;0;0;0;3;0;0;3
2116;1;2023-10-18 15:53:17;2023-10-18 15:53:21;2023-10-18 15:56:27;2023-10-18 15:57:09;2;0;0;100;0;0;0;2;0;0;2
2116;101;2023-10-18 15:53:17;2023-10-18 15:53:21;2023-10-18 15:56:27;2023-10-18 15:56:29;10;0;1;100;0;0;0;0;0;0;0
2116;102;2023-10-18 15:53:21;2023-10-18 15:53:25;2023-10-18 15:56:27;2023-10-18 15:56:29;10;0;1;100;0;0;0;0;0;0;0
2117;1;2023-10-18 16:26:57;2023-10-18 16:27:38;2023-10-18 16:29:08;2023-10-18 16:32:09;5001;0;0;100;0;0;0;5001;0;0;5001
2117;2;2023-10-18 16:27:17;2023-10-18 16:27:58;2023-10-18 16:29:47;2023-10-18 16:32:44;5001;0;0;100;0;0;0;5001;0;0;5001
2117;3;2023-10-18 16:27:37;2023-10-18 16:28:18;2023-10-18 16:30:06;2023-10-18 16:33:16;5001;0;0;100;0;0;0;5001;0;0;5001
2117;4;2023-10-18 16:27:57;2023-10-18 16:28:38;2023-10-18 16:30:28;2023-10-18 16:33:35;5001;0;0;100;0;0;0;5001;0;0;5001
2117;5;2023-10-18 16:28:17;2023-10-18 16:28:58;2023-10-18 16:30:50;2023-10-18 16:35:58;5001;0;0;100;0;0;0;5001;0;0;5001
2117;6;2023-10-18 16:28:37;2023-10-18 16:29:18;2023-10-18 16:31:09;2023-10-18 16:36:28;5001;0;0;100;0;0;0;5001;0;0;5001
2118;1;2023-10-18 16:28:57;2023-10-18 16:28:58;NULL;2023-10-18 16:30:21;3;0;0;100;0;0;0;3;0;0;3
2119;1;2023-10-18 16:29:06;2023-10-18 16:29:47;2023-10-18 16:31:36;2023-10-18 16:39:02;5000;0;0;100;0;0;0;5000;0;0;5000
2119;2;2023-10-18 16:29:26;2023-10-18 16:30:07;2023-10-18 16:32:10;2023-10-18 16:38:34;5000;0;0;100;0;0;0;5000;0;0;5000
2119;3;2023-10-18 16:29:46;2023-10-18 16:30:27;2023-10-18 16:32:44;2023-10-18 16:37:38;5000;0;0;100;0;0;0;5000;0;0;5000
2120;1;2023-10-18 16:31:34;2023-10-18 16:31:42;2023-10-18 16:33:51;2023-10-18 16:36:05;2;0;0;100;0;0;0;2;0;0;2
2120;101;2023-10-18 16:31:47;2023-10-18 16:31:47;2023-10-18 16:33:51;2023-10-18 16:33:52;10;0;1;100;0;0;0;0;0;0;0
2120;102;2023-10-18 16:31:47;2023-10-18 16:31:47;2023-10-18 16:33:51;2023-10-18 16:33:53;10;0;1;100;0;0;0;0;0;0;0
2120;103;2023-10-18 16:31:47;2023-10-18 16:31:47;2023-10-18 16:33:59;2023-10-18 16:34:00;10;0;1;100;0;0;0;0;0;0;0
2121;1;2023-10-18 16:41:01;2023-10-18 16:43:59;2023-10-18 16:41:51;2023-10-18 17:47:23;2000;0;0;100;0;0;0;2000;0;0;2000
2121;2;2023-10-18 16:41:21;2023-10-18 16:44:19;2023-10-18 16:42:11;2023-10-18 17:45:52;2000;0;0;100;0;0;0;2000;0;0;2000
2122;1;2023-10-18 16:41:41;2023-10-18 16:41:45;2023-10-18 17:31:01;2023-10-18 17:32:07;2;0;0;100;0;0;0;2;0;0;2
2122;101;2023-10-18 16:41:41;2023-10-18 16:41:45;2023-10-18 17:31:01;2023-10-18 17:31:02;10;0;1;100;0;0;0;0;0;0;0
2122;102;2023-10-18 16:41:45;2023-10-18 16:41:49;2023-10-18 17:31:01;2023-10-18 17:31:03;10;0;1;100;0;0;0;0;0;0;0
2123;1;2023-10-18 17:28:02;2023-10-18 17:28:03;NULL;2023-10-18 17:29:47;3;0;0;100;0;0;0;3;0;0;3
2124;1;2023-10-18 17:30:18;2023-10-18 17:30:50;2023-10-18 17:33:20;2023-10-18 17:34:41;6003;0;0;100;0;0;0;6003;0;0;6003
2124;101;2023-10-18 17:30:50;2023-10-18 17:30:54;2023-10-18 17:33:20;2023-10-18 17:33:39;10;0;1;100;0;0;0;0;0;0;0
2124;102;2023-10-18 17:30:22;2023-10-18 17:30:26;2023-10-18 17:33:20;2023-10-18 17:33:39;10;0;1;100;0;0;0;0;0;0;0
2124;103;2023-10-18 17:30:26;2023-10-18 17:30:30;2023-10-18 17:33:20;2023-10-18 17:33:39;10;0;1;100;0;0;0;0;0;0;0
2124;104;2023-10-18 17:30:30;2023-10-18 17:30:34;2023-10-18 17:33:20;2023-10-18 17:33:39;10;0;1;100;0;0;0;0;0;0;0
2124;105;2023-10-18 17:30:34;2023-10-18 17:30:38;2023-10-18 17:33:20;2023-10-18 17:33:39;10;0;1;100;0;0;0;0;0;0;0
2124;106;2023-10-18 17:30:38;2023-10-18 17:30:42;2023-10-18 17:33:20;2023-10-18 17:33:39;10;0;1;100;0;0;0;0;0;0;0
2124;107;2023-10-18 17:30:42;2023-10-18 17:30:46;2023-10-18 17:33:20;2023-10-18 17:33:39;10;0;1;100;0;0;0;0;0;0;0
2124;108;2023-10-18 17:30:46;2023-10-18 17:30:50;2023-10-18 17:33:20;2023-10-18 17:33:39;10;0;1;100;0;0;0;0;0;0;0
2126;1;2023-10-18 17:35:41;2023-10-18 17:35:42;NULL;2023-10-18 17:37:15;4;0;0;100;0;0;0;4;0;0;4
2131;1;2023-10-19 13:02:20;2023-10-19 13:02:21;NULL;2023-10-19 13:04:13;3;0;0;100;0;0;0;3;0;0;3
2137;1;2023-10-19 17:02:12;2023-10-19 17:04:34;2023-10-19 17:08:33;2023-10-19 18:26:15;214;0;0;100;0;0;0;214;0;0;214
2137;2;2023-10-19 17:02:32;2023-10-19 17:04:54;2023-10-19 17:08:54;2023-10-19 18:27:07;214;0;0;100;0;0;0;214;0;0;214
2137;3;2023-10-19 17:02:52;2023-10-19 17:05:14;2023-10-19 17:09:13;2023-10-19 17:27:09;214;0;0;100;0;0;0;214;0;0;214
2138;1;2023-10-19 17:03:49;2023-10-19 17:06:11;2023-10-19 17:09:32;2023-10-19 18:26:34;214;0;0;100;0;0;0;214;0;0;214
2138;2;2023-10-19 17:04:09;2023-10-19 17:06:31;NULL;2023-10-19 18:27:39;214;0;0;99;0;0;0;214;0;0;214
2147;1;2023-10-19 17:35:58;2023-10-19 17:38:20;NULL;2023-10-19 18:27:44;214;0;0;99;0;0;0;214;0;0;214
2147;2;2023-10-19 17:35:58;2023-10-19 17:36:57;2023-10-19 18:26:35;2023-10-19 18:29:12;1214;0;0;100;0;0;0;1214;0;0;1214
2147;3;2023-10-19 17:35:59;2023-10-19 17:38:57;NULL;2023-10-19 18:27:25;2000;0;0;99;0;0;0;2000;0;0;2000
2147;4;2023-10-19 17:36:19;2023-10-19 17:39:17;NULL;2023-10-19 18:27:33;2000;0;0;99;0;0;0;2000;0;0;2000
2147;5;2023-10-19 17:36:39;2023-10-19 17:39:37;NULL;2023-10-19 18:27:36;2000;0;0;99;0;0;0;2000;0;0;2000
2154;1;2024-10-18 14:11:06;2024-10-18 14:11:46;2024-10-18 14:12:12;2024-10-18 14:13:43;2000;0;0;100;0;0;0;2000;0;0;2000
2156;1;2024-10-18 14:42:54;2024-10-18 14:43:34;2024-10-18 14:43:35;2024-10-18 14:45:12;2000;0;0;100;0;0;0;2000;0;0;2000
2156;2;2024-10-18 14:43:14;2024-10-18 14:43:54;2024-10-18 14:44:00;2024-10-18 14:45:41;2000;0;0;100;0;0;0;2000;0;0;2000
2156;3;2024-10-18 14:43:34;2024-10-18 14:44:14;2024-10-18 14:44:27;2024-10-18 14:46:10;2000;0;0;100;0;0;0;2000;0;0;2000
2156;4;2024-10-18 14:43:54;2024-10-18 14:44:34;2024-10-18 14:44:43;2024-10-18 14:46:40;2000;0;0;100;0;0;0;2000;0;0;2000
2156;5;2024-10-18 14:44:14;2024-10-18 14:44:54;2024-10-18 14:45:12;2024-10-18 14:47:11;2000;0;0;100;0;0;0;2000;0;0;2000
2156;6;2024-10-18 14:44:34;2024-10-18 14:45:14;2024-10-18 14:45:41;2024-10-18 14:47:42;2000;0;0;100;0;0;0;2000;0;0;2000
2156;7;2024-10-18 14:44:54;2024-10-18 14:45:34;2024-10-18 14:46:10;2024-10-18 14:48:13;2000;0;0;100;0;0;0;2000;0;0;2000
2156;8;2024-10-18 14:45:14;2024-10-18 14:45:54;2024-10-18 14:46:40;2024-10-18 14:48:44;2000;0;0;100;0;0;0;2000;0;0;2000
2156;9;2024-10-18 14:45:34;2024-10-18 14:46:14;2024-10-18 14:47:11;2024-10-18 14:49:15;2000;0;0;100;0;0;0;2000;0;0;2000
2156;10;2024-10-18 14:45:54;2024-10-18 14:46:34;2024-10-18 14:47:42;2024-10-18 14:49:48;2000;0;0;100;0;0;0;2000;0;0;2000
2156;11;2024-10-18 14:46:14;2024-10-18 14:46:54;2024-10-18 14:48:13;2024-10-18 14:50:20;2000;0;0;100;0;0;0;2000;0;0;2000
2156;12;2024-10-18 14:46:34;2024-10-18 14:47:14;2024-10-18 14:48:44;2024-10-18 14:50:53;2000;0;0;100;0;0;0;2000;0;0;2000
2156;13;2024-10-18 14:46:54;2024-10-18 14:47:34;2024-10-18 14:49:16;2024-10-18 14:51:26;2000;0;0;100;0;0;0;2000;0;0;2000
2156;14;2024-10-18 14:47:14;2024-10-18 14:47:54;2024-10-18 14:49:48;2024-10-18 14:51:59;2000;0;0;100;0;0;0;2000;0;0;2000
2156;15;2024-10-18 14:47:34;2024-10-18 14:48:14;2024-10-18 14:50:20;2024-10-18 14:52:31;2000;0;0;100;0;0;0;2000;0;0;2000
2156;16;2024-10-18 14:47:54;2024-10-18 14:48:34;2024-10-18 14:50:53;2024-10-18 14:53:03;2000;0;0;100;0;0;0;2000;0;0;2000
2156;17;2024-10-18 14:48:14;2024-10-18 14:48:54;2024-10-18 14:51:26;2024-10-18 14:53:34;2000;0;0;100;0;0;0;2000;0;0;2000
2156;18;2024-10-18 14:48:34;2024-10-18 14:49:14;2024-10-18 14:51:59;2024-10-18 14:54:03;2000;0;0;100;0;0;0;2000;0;0;2000
2156;19;2024-10-18 14:48:54;2024-10-18 14:49:34;2024-10-18 14:52:31;2024-10-18 14:54:33;2000;0;0;100;0;0;0;2000;0;0;2000
2156;20;2024-10-18 14:49:14;2024-10-18 14:49:54;2024-10-18 14:53:03;2024-10-18 14:55:02;2000;0;0;100;0;0;0;2000;0;0;2000
2156;21;2024-10-18 14:49:34;2024-10-18 14:50:14;2024-10-18 14:53:34;2024-10-18 14:55:33;2000;0;0;100;0;0;0;2000;0;0;2000
2156;22;2024-10-18 14:49:54;2024-10-18 14:50:34;2024-10-18 14:54:03;2024-10-18 14:56:04;2000;0;0;100;0;0;0;2000;0;0;2000
2156;23;2024-10-18 14:50:14;2024-10-18 14:50:54;2024-10-18 14:54:33;2024-10-18 14:56:35;2000;0;0;100;0;0;0;2000;0;0;2000
2156;24;2024-10-18 14:50:34;2024-10-18 14:51:14;2024-10-18 14:55:03;2024-10-18 14:57:06;2000;0;0;100;0;0;0;2000;0;0;2000
2156;25;2024-10-18 14:50:54;2024-10-18 14:51:34;2024-10-18 14:55:33;2024-10-18 14:57:38;2000;0;0;100;0;0;0;2000;0;0;2000
2156;26;2024-10-18 14:51:14;2024-10-18 14:51:54;2024-10-18 14:56:04;2024-10-18 14:58:10;2000;0;0;100;0;0;0;2000;0;0;2000
2156;27;2024-10-18 14:51:34;2024-10-18 14:52:14;2024-10-18 14:56:35;2024-10-18 14:58:43;2000;0;0;100;0;0;0;2000;0;0;2000
2156;28;2024-10-18 14:51:54;2024-10-18 14:52:34;2024-10-18 14:57:06;2024-10-18 14:59:15;2000;0;0;100;0;0;0;2000;0;0;2000
2156;29;2024-10-18 14:52:14;2024-10-18 14:52:54;2024-10-18 14:57:38;2024-10-18 14:59:48;2000;0;0;100;0;0;0;2000;0;0;2000
2156;30;2024-10-18 14:52:34;2024-10-18 14:53:14;2024-10-18 14:58:10;2024-10-18 15:00:09;2000;0;0;100;0;0;0;2000;0;0;2000
2156;31;2024-10-18 14:52:54;2024-10-18 14:53:34;2024-10-18 14:58:43;2024-10-18 15:00:30;2000;0;0;100;0;0;0;2000;0;0;2000
2156;32;2024-10-18 14:53:14;2024-10-18 14:53:54;2024-10-18 14:59:15;2024-10-18 15:00:51;2000;0;0;100;0;0;0;2000;0;0;2000
2157;1;2024-10-18 15:46:12;2024-10-18 15:46:52;2024-10-18 15:46:27;2024-10-18 15:48:14;2000;0;0;100;0;0;0;2000;0;0;2000
2157;2;2024-10-18 15:46:32;2024-10-18 15:47:12;2024-10-18 15:46:46;2024-10-18 15:48:43;2000;0;0;100;0;0;0;2000;0;0;2000
2157;3;2024-10-18 15:46:52;2024-10-18 15:47:32;2024-10-18 15:47:10;2024-10-18 15:49:12;2000;0;0;100;0;0;0;2000;0;0;2000
2157;4;2024-10-18 15:47:12;2024-10-18 15:47:52;2024-10-18 15:47:27;2024-10-18 15:49:42;2000;0;0;100;0;0;0;2000;0;0;2000
2157;5;2024-10-18 15:47:32;2024-10-18 15:48:12;2024-10-18 15:47:44;2024-10-18 15:50:14;2000;0;0;100;0;0;0;2000;0;0;2000
2157;6;2024-10-18 15:47:52;2024-10-18 15:48:32;2024-10-18 15:48:14;2024-10-18 15:50:45;2000;0;0;100;0;0;0;2000;0;0;2000
2157;7;2024-10-18 15:48:12;2024-10-18 15:48:52;2024-10-18 15:48:43;2024-10-18 15:51:16;2000;0;0;100;0;0;0;2000;0;0;2000
2157;8;2024-10-18 15:48:32;2024-10-18 15:49:12;2024-10-18 15:49:12;2024-10-18 15:51:47;2000;0;0;100;0;0;0;2000;0;0;2000
2157;9;2024-10-18 15:48:52;2024-10-18 15:49:32;2024-10-18 15:49:42;2024-10-18 15:52:21;2000;0;0;100;0;0;0;2000;0;0;2000
2157;10;2024-10-18 15:49:12;2024-10-18 15:49:52;2024-10-18 15:50:14;2024-10-18 15:52:53;2000;0;0;100;0;0;0;2000;0;0;2000
2157;11;2024-10-18 15:49:32;2024-10-18 15:50:12;2024-10-18 15:50:45;2024-10-18 15:53:26;2000;0;0;100;0;0;0;2000;0;0;2000
2157;12;2024-10-18 15:49:52;2024-10-18 15:50:32;2024-10-18 15:51:16;2024-10-18 15:53:58;2000;0;0;100;0;0;0;2000;0;0;2000
2157;13;2024-10-18 15:50:12;2024-10-18 15:50:52;2024-10-18 15:51:47;2024-10-18 15:54:31;2000;0;0;100;0;0;0;2000;0;0;2000
2157;14;2024-10-18 15:50:32;2024-10-18 15:51:12;2024-10-18 15:52:21;2024-10-18 15:55:03;2000;0;0;100;0;0;0;2000;0;0;2000
2157;15;2024-10-18 15:50:52;2024-10-18 15:51:32;2024-10-18 15:52:53;2024-10-18 15:55:35;2000;0;0;100;0;0;0;2000;0;0;2000
2157;16;2024-10-18 15:51:12;2024-10-18 15:51:52;2024-10-18 15:53:26;2024-10-18 15:56:07;2000;0;0;100;0;0;0;2000;0;0;2000
2157;17;2024-10-18 15:51:32;2024-10-18 15:52:12;2024-10-18 15:53:58;2024-10-18 15:56:39;2000;0;0;100;0;0;0;2000;0;0;2000
2157;18;2024-10-18 15:51:52;2024-10-18 15:52:32;2024-10-18 15:54:31;2024-10-18 15:57:08;2000;0;0;100;0;0;0;2000;0;0;2000
2157;19;2024-10-18 15:52:12;2024-10-18 15:52:52;2024-10-18 15:55:03;2024-10-18 15:57:37;2000;0;0;100;0;0;0;2000;0;0;2000
2157;20;2024-10-18 15:52:32;2024-10-18 15:53:12;2024-10-18 15:55:35;2024-10-18 15:58:07;2000;0;0;100;0;0;0;2000;0;0;2000
2157;21;2024-10-18 15:52:52;2024-10-18 15:53:32;2024-10-18 15:56:08;2024-10-18 15:58:39;2000;0;0;100;0;0;0;2000;0;0;2000
2157;22;2024-10-18 15:53:12;2024-10-18 15:53:52;2024-10-18 15:56:39;2024-10-18 15:59:10;2000;0;0;100;0;0;0;2000;0;0;2000
2157;23;2024-10-18 15:53:32;2024-10-18 15:54:12;2024-10-18 15:57:08;2024-10-18 15:59:41;2000;0;0;100;0;0;0;2000;0;0;2000
2157;24;2024-10-18 15:53:52;2024-10-18 15:54:32;2024-10-18 15:57:38;2024-10-18 16:00:13;2000;0;0;100;0;0;0;2000;0;0;2000
2157;25;2024-10-18 15:54:12;2024-10-18 15:54:52;2024-10-18 15:58:07;2024-10-18 16:00:46;2000;0;0;100;0;0;0;2000;0;0;2000
2157;26;2024-10-18 15:54:32;2024-10-18 15:55:12;2024-10-18 15:58:40;2024-10-18 16:01:19;2000;0;0;100;0;0;0;2000;0;0;2000
2157;27;2024-10-18 15:54:52;2024-10-18 15:55:32;2024-10-18 15:59:11;2024-10-18 16:01:51;2000;0;0;100;0;0;0;2000;0;0;2000
2157;28;2024-10-18 15:55:12;2024-10-18 15:55:52;2024-10-18 15:59:42;2024-10-18 16:02:23;2000;0;0;100;0;0;0;2000;0;0;2000
2157;29;2024-10-18 15:55:32;2024-10-18 15:56:12;2024-10-18 16:00:13;2024-10-18 16:02:44;2000;0;0;100;0;0;0;2000;0;0;2000
2157;30;2024-10-18 15:55:52;2024-10-18 15:56:32;2024-10-18 16:00:46;2024-10-18 16:03:05;2000;0;0;100;0;0;0;2000;0;0;2000
2157;31;2024-10-18 15:56:12;2024-10-18 15:56:52;2024-10-18 16:01:19;2024-10-18 16:03:26;2000;0;0;100;0;0;0;2000;0;0;2000
2157;32;2024-10-18 15:56:32;2024-10-18 15:57:12;2024-10-18 16:01:51;2024-10-18 16:03:47;2000;0;0;100;0;0;0;2000;0;0;2000
2161;1;2024-11-04 15:39:33;2024-11-04 15:40:23;NULL;2024-11-04 15:49:33;2210;0;0;100;0;0;0;2210;0;0;2210
2161;2;2024-11-04 15:39:33;2024-11-04 15:40:23;NULL;2024-11-04 15:49:50;2210;0;0;100;0;0;0;2210;0;0;2210
2162;1;2024-11-05 11:54:45;2024-11-05 11:55:40;2024-11-05 11:56:18;2024-11-05 11:58:43;210;0;0;100;0;0;0;210;0;0;210
2162;2;2024-11-05 11:55:05;2024-11-05 11:56:12;2024-11-05 11:56:43;2024-11-05 11:59:48;214;0;0;100;0;0;0;214;0;0;214
2163;1;2024-11-05 12:00:19;2024-11-05 12:01:38;2024-11-05 12:01:10;2024-11-05 12:05:54;1200;0;0;100;0;0;0;1200;0;0;1200
2165;1;2024-11-05 12:10:02;2024-11-05 12:10:52;NULL;2024-11-05 12:12:47;2300;0;0;100;0;0;0;2300;0;0;2300
2165;2;2024-11-05 12:10:02;2024-11-05 12:10:52;NULL;2024-11-05 12:13:16;2300;0;0;100;0;0;0;2300;0;0;2300
2166;1;2024-11-06 13:42:55;2024-11-06 13:42:55;2024-11-06 13:43:06;2024-11-06 13:45:02;9000;0;0;100;0;0;0;0;0;0;0
2168;1;2024-11-06 13:51:33;2024-11-06 13:51:33;2024-11-06 14:03:55;2024-11-06 14:04:01;9000;0;0;100;0;0;0;0;0;0;0
2169;1;2024-11-06 14:02:05;2024-11-06 14:02:05;2024-11-06 14:03:34;2024-11-06 14:03:40;9000;0;0;100;0;0;0;0;0;0;0
2170;1;2024-11-07 15:30:24;2024-11-07 15:31:19;2024-11-07 15:33:06;2024-11-07 15:34:36;210;0;0;100;0;0;0;210;0;0;210
2171;1;2024-11-07 15:34:31;2024-11-07 15:35:17;2024-11-07 15:34:38;2024-11-07 15:35:52;210;0;0;100;0;0;0;210;0;0;210
2173;1;2024-11-08 08:56:28;2024-11-08 08:57:14;2024-11-08 08:57:12;2024-11-08 08:58:56;210;0;0;99;0;0;0;210;0;1;210
2175;1;2024-11-08 08:59:26;2024-11-08 09:00:12;2024-11-08 15:19:57;2024-11-08 15:21:50;210;0;0;100;0;0;0;210;0;0;210
2175;2;2024-11-08 08:59:46;2024-11-08 09:00:32;2024-11-08 15:20:16;2024-11-08 15:22:08;210;0;0;100;0;0;0;210;0;0;210
2176;1;2024-11-08 15:19:53;2024-11-08 15:21:00;2024-11-08 15:23:46;2024-11-08 15:26:05;1214;0;0;100;0;0;0;1214;0;0;1214
2176;2;2024-11-08 15:20:13;2024-11-08 15:21:20;2024-11-08 15:24:04;2024-11-08 15:26:31;1214;0;0;100;0;0;0;1214;0;0;1214
2177;1;2024-11-08 15:27:16;2024-11-08 15:28:11;2024-11-08 15:28:01;2024-11-08 15:29:58;200;0;0;100;0;0;0;200;0;0;200
2177;2;2024-11-08 15:27:36;2024-11-08 15:28:31;2024-11-08 15:28:19;2024-11-08 15:30:16;200;0;0;100;0;0;0;200;0;0;200
2177;3;2024-11-08 15:27:56;2024-11-08 15:28:51;2024-11-08 15:28:37;2024-11-08 15:30:40;200;0;0;100;0;0;0;200;0;0;200
2178;1;2024-11-08 15:28:16;2024-11-08 15:29:35;2024-11-08 15:34:21;2024-11-08 15:39:08;2000;0;0;100;0;0;0;2000;0;0;2000
2178;2;2024-11-08 15:28:36;2024-11-08 15:29:55;2024-11-08 15:34:38;2024-11-08 15:40:52;2000;0;0;100;0;0;0;2000;0;0;2000
2178;3;2024-11-08 15:28:56;2024-11-08 15:30:15;2024-11-08 15:34:56;2024-11-08 15:41:13;2000;0;0;100;0;0;0;2000;0;0;2000
2179;1;2024-11-09 10:43:15;2024-11-09 10:44:01;2024-11-09 10:45:05;2024-11-09 10:53:05;210;0;0;100;0;0;0;210;0;0;210
2180;1;2024-11-09 10:43:35;2024-11-09 10:44:30;2024-11-09 10:44:13;2024-11-09 10:51:40;200;0;0;100;0;0;0;200;0;0;200
2181;1;2024-11-09 11:00:02;2024-11-09 11:01:09;2024-11-09 11:00:10;2024-11-09 11:07:26;1214;0;0;100;0;0;0;1214;0;0;1214
2182;1;2024-11-09 10:43:55;2024-11-09 10:45:14;2024-11-09 11:03:15;2024-11-09 11:16:51;2000;0;0;100;0;0;0;2000;0;0;2000
2183;1;2024-11-09 11:20:49;2024-11-09 11:21:39;NULL;2024-11-09 11:24:42;2300;0;0;100;0;0;0;2300;0;0;2300
2183;2;2024-11-09 11:20:49;2024-11-09 11:21:39;NULL;2024-11-09 11:25:02;2300;0;0;100;0;0;0;2300;0;0;2300
2183;3;2024-11-09 11:20:49;2024-11-09 11:21:39;NULL;2024-11-09 11:27:01;2300;0;0;100;0;0;0;2300;0;0;2300
2184;1;2024-11-09 11:44:10;2024-11-09 11:45:00;NULL;2024-11-09 11:47:54;2300;0;0;100;0;0;0;2300;0;0;2300
2185;1;2024-11-09 11:44:42;2024-11-09 11:45:32;NULL;2024-11-09 11:48:15;2300;0;0;100;0;0;0;2300;0;0;2300
2186;1;2024-11-09 11:45:45;2024-11-09 11:46:35;NULL;2024-11-09 11:48:47;2300;0;0;100;0;0;0;2300;0;0;2300
2187;1;2024-11-09 11:49:58;2024-11-09 11:50:02;NULL;2024-11-11 12:46:55;2201;0;0;100;0;0;0;2201;0;0;2201
2187;2;2024-11-09 11:49:58;2024-11-09 11:50:02;NULL;2024-11-11 12:46:55;2201;0;0;100;0;0;0;2201;0;0;2201
2188;1;2024-11-11 15:47:02;2024-11-11 15:47:48;2024-11-11 15:47:20;2024-11-11 15:49:12;210;0;0;100;0;0;0;210;0;0;210
2188;2;2024-11-11 15:47:22;2024-11-11 15:48:08;2024-11-11 15:47:40;2024-11-11 15:49:28;210;0;0;100;0;0;0;210;0;0;210
2189;1;2024-11-11 15:47:42;2024-11-11 15:48:37;2024-11-11 15:48:05;2024-11-11 15:49:53;200;0;0;100;0;0;0;200;0;0;200
2189;2;2024-11-11 15:48:02;2024-11-11 15:48:57;2024-11-11 15:48:23;2024-11-11 15:50:09;200;0;0;100;0;0;0;200;0;0;200
2189;3;2024-11-11 15:48:22;2024-11-11 15:49:17;2024-11-11 15:48:40;2024-11-11 15:50:28;200;0;0;100;0;0;0;200;0;0;200
2191;1;2024-11-11 16:11:33;2024-11-11 16:11:37;NULL;2024-11-11 16:13:30;2200;0;0;100;0;0;0;2200;0;0;2200
2192;1;2024-11-11 16:14:54;2024-11-11 16:15:44;NULL;2024-11-11 16:18:33;2210;0;0;100;0;0;0;2210;0;0;2210
2192;2;2024-11-11 16:14:54;2024-11-11 16:15:44;NULL;2024-11-11 16:21:23;2210;0;0;100;0;0;0;2210;0;0;2210
2192;3;2024-11-11 16:14:54;2024-11-11 16:15:44;NULL;2024-11-11 16:19:04;2210;0;0;100;0;0;0;2210;0;0;2210
2192;4;2024-11-11 16:14:54;2024-11-11 16:15:44;NULL;2024-11-11 16:19:34;2210;0;0;100;0;0;0;2210;0;0;2210
2193;1;2024-11-11 16:15:39;2024-11-11 16:15:43;NULL;2024-11-11 16:28:40;2200;0;0;100;0;0;0;2200;0;0;2200
2193;2;2024-11-11 16:15:39;2024-11-11 16:15:43;NULL;2024-11-11 16:28:40;2200;0;0;100;0;0;0;2200;0;0;2200
2193;3;2024-11-11 16:15:39;2024-11-11 16:15:43;NULL;2024-11-11 16:28:40;2200;0;0;100;0;0;0;2200;0;0;2200
2193;4;2024-11-11 16:15:39;2024-11-11 16:15:43;NULL;2024-11-11 16:26:40;2200;0;0;100;0;0;0;2200;0;0;2200
2194;1;2024-11-11 16:32:12;2024-11-11 16:33:02;NULL;2024-11-11 16:52:13;2210;0;0;100;0;0;0;2210;0;0;2210
2196;1;2024-11-11 16:45:22;2024-11-11 16:45:36;NULL;2024-11-11 16:49:17;2200;0;0;100;0;0;0;2200;0;0;2200
2197;1;2024-11-11 16:57:56;2024-11-11 16:59:15;2024-11-11 17:00:12;2024-11-11 17:07:52;2000;0;0;100;0;0;0;2000;0;0;2000
2197;2;2024-11-11 16:58:16;2024-11-11 16:59:35;2024-11-11 17:00:31;2024-11-11 17:09:08;2000;0;0;100;0;0;0;2000;0;0;2000
2197;3;2024-11-11 16:58:36;2024-11-11 16:59:55;2024-11-11 17:00:49;2024-11-11 17:09:32;2000;0;0;100;0;0;0;2000;0;0;2000
2197;4;2024-11-11 16:58:56;2024-11-11 17:00:15;2024-11-11 17:01:49;2024-11-11 17:09:55;2000;0;0;100;0;0;0;2000;0;0;2000
2198;1;2024-11-11 17:15:16;2024-11-11 17:16:02;2024-11-11 17:16:01;2024-11-11 17:17:48;2300;0;0;100;0;0;0;2300;0;0;2300
2199;1;2024-11-11 17:19:42;2024-11-11 17:20:32;NULL;2024-11-11 17:23:22;2310;0;0;100;0;0;0;2310;0;0;2310
2199;2;2024-11-11 17:19:42;2024-11-11 17:20:32;NULL;2024-11-11 17:24:49;2310;0;0;100;0;0;0;2310;0;0;2310
2199;3;2024-11-11 17:19:42;2024-11-11 17:20:32;NULL;2024-11-11 17:25:07;2310;0;0;100;0;0;0;2310;0;0;2310
2199;4;2024-11-11 17:19:42;2024-11-11 17:20:32;NULL;2024-11-11 17:25:32;2310;0;0;100;0;0;0;2310;0;0;2310
2200;1;2024-11-11 17:25:50;2024-11-11 17:25:54;NULL;2024-11-12 08:54:36;2320;0;0;100;0;0;0;2320;0;0;2320
2201;1;2024-11-13 09:07:23;2024-11-13 09:07:37;NULL;2024-11-13 09:17:18;2200;0;0;100;0;0;0;2200;0;0;2200
2202;1;2024-11-13 09:07:36;2024-11-13 09:07:50;NULL;2024-11-13 09:17:18;2200;0;0;100;0;0;0;2200;0;0;2200
2203;1;2024-11-13 09:07:43;2024-11-13 09:07:57;NULL;2024-11-13 09:17:17;2200;0;0;100;0;0;0;2200;0;0;2200
2203;2;2024-11-13 09:07:43;2024-11-13 09:07:57;NULL;2024-11-13 09:17:53;2200;0;0;100;0;0;0;2200;0;0;2200
2204;1;2024-11-13 09:14:18;2024-11-13 09:15:08;NULL;2024-11-13 09:21:51;2210;0;0;100;0;0;0;2210;0;0;2210
2204;2;2024-11-13 09:14:18;2024-11-13 09:15:08;NULL;2024-11-13 09:35:16;2210;0;0;100;0;0;0;2210;0;0;2210
2204;3;2024-11-13 09:14:18;2024-11-13 09:15:08;NULL;2024-11-13 09:35:50;2210;0;0;100;0;0;0;2210;0;0;2210
2204;4;2024-11-13 09:14:18;2024-11-13 09:15:08;NULL;2024-11-13 09:37:28;2210;0;0;100;0;0;0;2210;0;0;2210
2204;5;2024-11-13 09:14:18;2024-11-13 09:15:08;NULL;2024-11-13 10:27:50;2210;0;0;100;0;0;0;2210;0;0;2210
2204;6;2024-11-13 09:14:18;2024-11-13 09:15:08;NULL;2024-11-13 10:28:30;2210;0;0;100;0;0;0;2210;0;0;2210
2207;1;2024-11-13 09:20:35;2024-11-13 09:21:42;2024-11-13 09:21:53;2024-11-13 09:39:23;1214;0;0;100;0;0;0;1214;0;0;1214
2207;2;2024-11-13 09:20:55;2024-11-13 09:22:02;2024-11-13 09:35:18;2024-11-13 09:43:19;1214;0;0;100;0;0;0;1214;0;0;1214
2207;3;2024-11-13 09:21:15;2024-11-13 09:22:22;2024-11-13 09:35:53;2024-11-13 09:46:08;1214;0;0;100;0;0;0;1214;0;0;1214
2207;4;2024-11-13 09:21:35;2024-11-13 09:22:42;2024-11-13 09:37:30;2024-11-13 09:43:48;1214;0;0;100;0;0;0;1214;0;0;1214
2207;5;2024-11-13 09:21:55;2024-11-13 09:23:02;2024-11-13 10:27:53;2024-11-13 10:32:19;1214;0;0;100;0;0;0;1214;0;0;1214
2207;6;2024-11-13 09:22:15;2024-11-13 09:23:22;2024-11-13 10:28:33;2024-11-13 10:32:51;1214;0;0;100;0;0;0;1214;0;0;1214
2207;7;2024-11-13 09:22:35;2024-11-13 09:23:42;2024-11-13 10:55:14;2024-11-13 11:01:07;1214;0;0;100;0;0;0;1214;0;0;1214
2207;8;2024-11-13 09:22:55;2024-11-13 09:24:02;2024-11-13 11:00:22;2024-11-13 11:02:29;1214;0;0;100;0;0;0;1214;0;0;1214
2210;1;2024-11-13 10:25:12;2024-11-13 10:25:26;NULL;2024-11-13 10:46:29;2200;0;0;100;0;0;0;2200;0;0;2200
2210;2;2024-11-13 10:25:12;2024-11-13 10:25:26;NULL;2024-11-13 10:49:22;2200;0;0;100;0;0;0;2200;0;0;2200
2211;1;2024-11-13 10:49:14;2024-11-13 10:50:04;NULL;2024-11-13 10:54:47;2210;0;0;100;0;0;0;2210;0;0;2210
2211;2;2024-11-13 10:49:14;2024-11-13 10:50:04;NULL;2024-11-13 11:00:19;2210;0;0;100;0;0;0;2210;0;0;2210
2211;3;2024-11-13 10:49:14;2024-11-13 10:50:04;NULL;2024-11-13 11:23:58;2210;0;0;100;0;0;0;2210;0;0;2210
2212;1;2024-11-13 10:49:51;2024-11-13 10:50:05;NULL;2024-11-13 11:19:29;2200;0;0;100;0;0;0;2200;0;0;2200
2213;1;2024-11-13 16:33:17;2024-11-13 16:34:36;2024-11-13 17:14:32;2024-11-13 17:21:02;2000;0;0;100;0;0;0;2000;0;0;2000
2214;1;2024-11-13 17:17:27;2024-11-13 17:18:34;2024-11-13 17:17:31;2024-11-13 17:20:12;1214;0;0;100;0;0;0;1214;0;0;1214
2216;1;2024-11-25 16:02:11;2024-11-25 16:02:57;2024-11-25 16:02:23;2024-11-25 16:04:53;210;0;0;100;0;0;0;210;0;0;210
2217;1;2024-11-25 16:22:30;2024-11-25 16:23:16;2024-11-25 16:22:47;2024-11-25 16:24:23;210;0;0;100;0;0;0;210;0;0;210
2219;1;2024-11-26 08:33:14;2024-11-26 08:34:21;2024-11-26 08:38:43;2024-11-26 08:47:33;1214;0;0;100;0;0;0;1214;0;0;1214
2220;1;2024-11-26 08:59:32;2024-11-26 09:00:22;NULL;2024-11-26 09:07:49;2210;0;0;100;0;0;0;2210;0;0;2210
2221;1;2024-11-27 13:55:14;2024-11-27 13:56:04;NULL;2024-11-27 14:02:35;2210;0;0;100;0;0;0;2210;0;0;2210
2222;1;2024-11-27 13:55:26;2024-11-27 13:56:16;NULL;2024-11-27 14:15:49;2210;0;0;100;0;0;0;2210;0;0;2210
2223;1;2024-11-27 14:24:41;2024-11-27 14:25:31;NULL;2024-11-27 14:29:20;2210;0;0;100;0;0;0;2210;0;0;2210
2224;1;2024-11-27 14:31:25;2024-11-27 14:32:15;NULL;2024-11-27 14:35:40;2210;0;0;100;0;0;0;2210;0;0;2210
2225;1;2024-11-27 14:37:57;2024-11-27 14:38:43;2024-11-27 14:39:18;2024-11-27 14:41:30;210;0;0;100;0;0;0;210;0;0;210
2227;1;2024-12-05 09:53:26;2024-12-05 09:54:33;2024-12-05 10:07:17;2024-12-05 10:10:55;1214;0;0;100;0;0;0;1214;0;0;1214
2228;1;2024-12-05 10:06:32;2024-12-05 10:07:18;2024-12-05 11:09:18;2024-12-05 11:11:49;210;0;0;100;0;0;0;210;0;0;210
2229;1;2024-12-05 11:08:56;2024-12-05 11:10:03;2024-12-05 11:12:36;2024-12-05 11:18:17;1214;0;0;100;0;0;0;1214;0;0;1214
2236;1;2025-03-19 11:26:59;2025-03-19 11:27:56;2025-03-19 11:27:13;2025-03-19 11:33:56;9001;0;0;100;0;0;0;9001;0;0;9001
2238;1;2025-03-19 11:41:46;2025-03-19 11:42:43;2025-03-19 11:42:49;2025-03-19 11:46:06;9001;0;0;99;0;0;0;9001;0;1;9001
2240;1;2025-03-19 11:49:30;2025-03-19 11:50:27;2025-03-19 11:50:08;2025-03-19 11:52:00;9001;0;0;100;0;0;0;414;0;0;9001
2245;1;2025-03-19 13:13:05;2025-03-19 13:14:02;2025-03-19 13:15:15;2025-03-19 13:18:25;9001;0;0;100;0;0;0;414;0;0;9001
2248;1;2025-03-19 13:47:43;2025-03-19 13:48:35;2025-03-19 13:48:31;2025-03-19 13:50:07;9005;0;0;100;0;0;0;9005;0;0;9005
2250;1;2025-03-19 14:43:54;2025-03-19 14:44:51;2025-03-19 14:47:56;2025-03-19 14:50:54;9001;0;0;100;0;0;0;414;0;0;9001
2251;1;2025-03-19 14:53:30;2025-03-19 14:54:27;2025-03-19 14:54:37;2025-03-19 14:57:30;9001;0;0;100;0;0;0;414;0;0;9001
2255;1;2025-03-19 15:20:17;2025-03-19 15:21:02;2025-03-19 15:20:55;2025-03-19 15:25:25;9006;0;0;100;0;0;0;1214;0;0;9006
2256;1;2025-03-19 15:20:37;2025-03-19 15:21:34;2025-03-19 15:24:51;2025-03-19 16:08:01;9001;0;0;100;0;0;0;414;0;0;9001
2259;1;2025-03-20 13:16:10;2025-03-20 13:17:00;NULL;2025-03-20 13:22:46;2310;0;0;100;0;0;0;2310;0;0;2310
2261;1;2025-03-21 11:34:46;2025-03-21 11:35:36;NULL;2025-03-21 11:38:44;2210;0;0;100;0;0;0;2210;0;0;2210
2262;1;2025-03-21 11:52:33;2025-03-21 11:53:23;NULL;2025-03-21 11:58:34;2210;0;0;100;0;0;0;2210;0;0;2210
2262;2;2025-03-21 11:52:33;2025-03-21 11:53:23;NULL;2025-03-21 11:59:07;2210;0;0;100;0;0;0;2210;0;0;2210
2262;3;2025-03-21 11:52:33;2025-03-21 11:53:23;NULL;2025-03-21 11:59:42;2210;0;0;100;0;0;0;2210;0;0;2210
2262;4;2025-03-21 11:52:33;2025-03-21 11:53:23;NULL;2025-03-21 12:00:15;2210;0;0;100;0;0;0;2210;0;0;2210
2262;5;2025-03-21 11:52:33;2025-03-21 11:53:23;NULL;2025-03-21 11:57:02;2210;0;0;100;0;0;0;2210;0;0;2210
2262;6;2025-03-21 11:52:33;2025-03-21 11:53:23;NULL;2025-03-21 11:57:35;2210;0;0;100;0;0;0;2210;0;0;2210
2262;7;2025-03-21 11:52:33;2025-03-21 11:53:23;NULL;2025-03-21 11:57:59;2210;0;0;100;0;0;0;2210;0;0;2210
2262;8;2025-03-21 11:52:33;2025-03-21 11:53:23;NULL;2025-03-21 12:00:52;2210;0;0;100;0;0;0;2210;0;0;2210
2264;1;2025-03-21 14:41:23;2025-03-21 14:42:20;NULL;2025-03-21 14:47:42;9008;0;0;100;0;0;0;9008;0;0;9008
2264;2;2025-03-21 14:41:23;2025-03-21 14:42:20;NULL;2025-03-21 14:48:20;9008;0;0;100;0;0;0;9008;0;0;9008
2266;1;2025-03-26 10:47:55;2025-03-26 10:48:52;NULL;2025-03-26 11:07:03;9008;0;0;100;0;0;0;9008;0;0;9008
2267;1;2025-03-26 11:08:22;2025-03-26 11:09:19;NULL;2025-03-26 11:32:06;9008;0;0;100;0;0;0;9008;0;0;9008
2268;1;2025-03-26 11:27:10;2025-03-26 11:28:07;NULL;2025-03-26 11:47:03;9008;0;0;100;0;0;0;9008;0;0;9008
2290;1;2025-11-17 09:07:35;2025-11-17 09:08:32;NULL;2025-11-17 09:39:15;9001;0;0;99;0;0;0;9001;0;0;9001
2291;1;2025-11-17 09:13:35;2025-11-17 09:14:54;NULL;2025-11-17 09:50:17;2000;0;0;99;0;0;0;2000;0;0;2000
2292;1;2025-11-17 09:48:53;2025-11-17 09:50:12;2025-11-17 09:58:35;2025-11-17 09:59:58;2000;0;0;99;0;0;0;2000;0;1;2000
2294;1;2025-11-17 09:47:13;2025-11-17 09:48:20;2025-11-17 10:09:44;2025-11-17 10:09:51;1214;0;0;99;0;0;0;1214;0;1;1214
2296;1;2025-11-17 10:12:24;2025-11-17 10:13:19;2025-11-17 10:36:06;2025-11-17 10:36:19;200;0;0;99;0;0;0;200;0;1;200
2298;1;2025-11-17 11:20:09;2025-11-17 11:21:16;2025-11-17 11:29:41;2025-11-17 11:29:55;9012;0;0;99;0;0;0;9012;0;1;9012
2299;1;2025-11-17 11:22:32;2025-11-17 11:23:39;2025-11-17 11:31:36;2025-11-17 11:31:46;9012;0;0;99;0;0;0;9012;0;1;9012
2300;1;2025-11-17 11:30:36;2025-11-17 11:31:43;2025-11-17 11:32:34;2025-11-17 11:37:14;9012;0;0;100;0;0;0;9012;0;0;9012
2301;1;2025-11-17 11:32:22;2025-11-17 11:33:29;2025-11-17 11:39:21;2025-11-17 11:41:49;9012;0;0;100;0;0;0;9012;0;0;9012
2305;1;2025-11-17 11:55:29;2025-11-17 11:56:36;2025-11-17 11:57:07;2025-11-17 12:00:51;9012;0;0;100;0;0;0;9012;0;0;9012
2307;1;2025-11-17 12:01:38;2025-11-17 12:02:45;2025-11-17 12:02:36;2025-11-17 12:04:22;9012;0;0;100;0;0;0;9012;0;0;9012
2309;1;2025-11-24 08:34:50;2025-11-24 08:35:36;2025-11-24 08:39:51;2025-11-24 08:41:05;210;0;0;99;0;0;0;210;0;1;210
2313;1;2025-11-24 08:58:15;2025-11-24 08:59:22;2025-11-24 09:19:30;2025-11-24 09:20:18;1214;0;0;99;0;0;0;1214;0;1;1214
2315;1;2025-11-24 09:21:12;2025-11-24 09:22:19;2025-11-24 09:26:07;2025-11-24 09:29:19;9005;0;0;100;0;0;0;9005;0;0;9005
2325;1;2025-11-24 10:09:05;2025-11-24 10:10:12;2025-11-24 10:10:08;2025-11-24 10:15:47;9005;0;0;100;0;0;0;9005;0;0;9005
2327;1;2025-11-24 10:16:46;2025-11-24 10:17:53;2025-11-24 10:26:20;2025-11-24 10:28:50;9005;0;0;100;0;0;0;9005;0;0;9005
2327;2;2025-11-24 10:17:06;2025-11-24 10:18:13;2025-11-24 10:26:39;2025-11-24 10:29:56;9005;0;0;100;0;0;0;9005;0;0;9005
2328;1;2025-11-25 16:03:44;2025-11-25 16:04:51;2025-11-25 16:05:18;2025-11-25 16:07:45;9005;0;0;100;0;0;0;9005;0;0;9005
2328;2;2025-11-25 16:04:04;2025-11-25 16:05:11;2025-11-25 16:08:29;2025-11-25 16:10:55;9005;0;0;100;0;0;0;9005;0;0;9005
2328;3;2025-11-25 16:04:24;2025-11-25 16:05:31;2025-11-25 16:09:26;2025-11-25 16:11:28;9005;0;0;100;0;0;0;9005;0;0;9005
